ligand,receptor_gene,in_gene_panel,is_shared_subunit,shared_with_ligands,low_confidence_note
IL2,Il2ra,True,False,,
IL2,Il2rb,True,True,IL15,
IL4,Il4ra,True,False,,
IL7,Il7r,True,True,TSLP,
IL9,Il9r,True,False,,
IL15,Il15ra,True,False,,
IL15,Il2rb,True,True,IL2,
IL21,Il21r,True,False,,
IL6,Il6ra,True,False,,
IL27,Il27ra,True,False,,
LIF,Lifr,True,False,,
OSM,Osmr,False,False,,
IFNA,Ifnar1,True,True,IFNB1;IFNE;IFNK,
IFNA,Ifnar2,True,True,IFNB1;IFNE;IFNK,
IFNB1,Ifnar1,True,True,IFNA;IFNE;IFNK,
IFNB1,Ifnar2,True,True,IFNA;IFNE;IFNK,
IFNE,Ifnar1,True,True,IFNA;IFNB1;IFNK,
IFNE,Ifnar2,True,True,IFNA;IFNB1;IFNK,
IFNK,Ifnar1,True,True,IFNA;IFNB1;IFNE,
IFNK,Ifnar2,True,True,IFNA;IFNB1;IFNE,
IFNG,Ifngr1,True,False,,
IFNG,Ifngr2,True,False,,
IL12,Il12rb1,True,True,IL23,
IL12,Il12rb2,True,False,,
IL23,Il23r,False,False,,
IL23,Il12rb1,True,True,IL12,
IL1A,Il1r1,True,True,IL1B,
IL1A,Il1rap,True,True,IL1B;IL1F6;IL1F8;IL1F9;IL33,
IL1B,Il1r1,True,True,IL1A,
IL1B,Il1rap,True,True,IL1A;IL1F6;IL1F8;IL1F9;IL33,
IL18,Il18r1,True,False,,
IL18,Il18rap,True,False,,
IL33,Il1rl1,True,False,,
IL33,Il1rap,True,True,IL1A;IL1B;IL1F6;IL1F8;IL1F9,
IL1F6,Il1rl2,True,True,IL1F8;IL1F9,
IL1F6,Il1rap,True,True,IL1A;IL1B;IL1F8;IL1F9;IL33,
IL1F8,Il1rl2,True,True,IL1F6;IL1F9,
IL1F8,Il1rap,True,True,IL1A;IL1B;IL1F6;IL1F9;IL33,
IL1F9,Il1rl2,True,True,IL1F6;IL1F8,
IL1F9,Il1rap,True,True,IL1A;IL1B;IL1F6;IL1F8;IL33,
IL10,Il10ra,True,False,,
IL10,Il10rb,True,False,,
IL17A,Il17ra,True,True,IL17F;IL25,
IL17A,Il17rc,False,True,IL17F,
IL17F,Il17ra,True,True,IL17A;IL25,
IL17F,Il17rc,False,True,IL17A,
IL25,Il17rb,True,False,,
IL25,Il17ra,True,True,IL17A;IL17F,
TGFB1,Tgfbr1,True,True,TGFB3,
TGFB1,Tgfbr2,True,True,TGFB3,
TGFB1,Tgfbr3,True,True,TGFB3,
TGFB3,Tgfbr1,True,True,TGFB1,
TGFB3,Tgfbr2,True,True,TGFB1,
TGFB3,Tgfbr3,True,True,TGFB1,
TSLP,Crlf2,True,False,,
TSLP,Il7r,True,True,IL7,
TNF,Tnfrsf1a,True,False,,
TNF,Tnfrsf1b,True,False,,
TNFSF4,Tnfrsf4,True,False,,
TNFSF9,Tnfrsf9,True,False,,
TNFSF14,Tnfrsf14,True,False,,
TNFSF14,Ltbr,True,False,,
TNFSF15,Tnfrsf25,True,False,,
TNFSF18,Tnfrsf18,True,False,,
CCL1,Ccr8,True,False,,
CCL7,Ccr1,False,False,,
CCL7,Ccr2,True,True,CCL12,
CCL7,Ccr3,True,True,CCL11,
CCL11,Ccr3,True,True,CCL7,
CCL12,Ccr2,True,True,CCL7,
CCL19,Ccr7,True,True,CCL21A,
CCL20,Ccr6,True,False,,
CCL21A,Ccr7,True,True,CCL19,
CCL22,Ccr4,True,False,,
CCL25,Ccr9,True,False,,
CCL27,Ccr10,False,False,,
CX3CL1,Cx3cr1,False,False,,
CXCL9,Cxcr3,True,True,CXCL10,
CXCL10,Cxcr3,True,True,CXCL9,
CXCL12,Cxcr4,True,True,MIF,
MIF,Cd74,True,False,,"Cxcr4 and Cxcr2 are signal-transducing MIF co-receptors but not MIF-specific (Cxcr4 is also the CXCL12 receptor, itself in this screen); Cd74 is the MIF-specific binding subunit. Cxcr2 is absent from the gene panel."
MIF,Cxcr4,True,True,CXCL12,"Cxcr4 and Cxcr2 are signal-transducing MIF co-receptors but not MIF-specific (Cxcr4 is also the CXCL12 receptor, itself in this screen); Cd74 is the MIF-specific binding subunit. Cxcr2 is absent from the gene panel."
MSTN,Acvr2b,True,False,,"Acvr1b (Alk4) is a shared type-I receptor across multiple activin/GDF ligands, not myostatin-specific; Acvr2b is the myostatin-defining subunit."
MSTN,Acvr1b,True,False,,"Acvr1b (Alk4) is a shared type-I receptor across multiple activin/GDF ligands, not myostatin-specific; Acvr2b is the myostatin-defining subunit."
WNT1,Lrp5,True,False,,"Canonical Wnt signaling requires a Frizzled receptor + Lrp5/6 co-receptor; FZD usage by WNT1 in this cell type is promiscuous/context-dependent and most Fzd genes are filtered from the gene panel, so only the Lrp5/Lrp6 co-receptors are used here. Treat WNT1 reinforcement scores as lower confidence."
WNT1,Lrp6,True,False,,"Canonical Wnt signaling requires a Frizzled receptor + Lrp5/6 co-receptor; FZD usage by WNT1 in this cell type is promiscuous/context-dependent and most Fzd genes are filtered from the gene panel, so only the Lrp5/Lrp6 co-receptors are used here. Treat WNT1 reinforcement scores as lower confidence."
