interaction,activity_type,cluster,annotation_in_code,annotation_manuscript
TGFB1_IL6,combinatorial,0,TGFB1_IL21_c,TGFB1+IL6/21_c
TGFB1_IL21,combinatorial,0,TGFB1_IL21_c,TGFB1+IL6/21_c
TGFB1_TNFSF15,combinatorial,1,TGFB1_TNFSF18_c,TGFB1+TNF*_c
TGFB1_TNFSF18,combinatorial,1,TGFB1_TNFSF18_c,TGFB1+TNF*_c
TGFB1_TNFSF4,combinatorial,1,TGFB1_TNFSF18_c,TGFB1+TNF*_c
TGFB1_TNF,combinatorial,1,TGFB1_TNFSF18_c,TGFB1+TNF*_c
TGFB1_IL4,combinatorial,2,TGFB1_IL4_c,TGFB1+IL2/4_c
TGFB1_IL2,combinatorial,2,TGFB1_IL4_c,TGFB1+IL2/4_c
IL21_IL18,combinatorial,3,IL27_IL18_c,IL21/IL27+IL18_c
IL27_IL18,combinatorial,3,IL27_IL18_c,IL21/IL27+IL18_c
IL21_IL1B,combinatorial,4,IL21_IL1B_c,IL6/21+IL1B_c
IL6_IL1B,combinatorial,4,IL21_IL1B_c,IL6/21+IL1B_c
TNF_CCL19,combinatorial,5,TNF_CCL19_c,TNF+CCL19/21A_c
TNF_CCL21A,combinatorial,5,TNF_CCL19_c,TNF+CCL19/21A_c
IL21_CCL19,combinatorial,7,IL21_CCL21A_c,IL21+CCL19/21A_c
IL21_CCL21A,combinatorial,7,IL21_CCL21A_c,IL21+CCL19/21A_c
IL7_TNFSF15,combinatorial,8,IL7_TNFSF18_c,IL7+TNF*_c
IL7_TNFSF4,combinatorial,8,IL7_TNFSF18_c,IL7+TNF*_c
IL7_TNFSF18,combinatorial,8,IL7_TNFSF18_c,IL7+TNF*_c
IL7_TNF,combinatorial,8,IL7_TNFSF18_c,IL7+TNF*_c
TNF_IL7,combinatorial,8,IL7_TNFSF18_c,IL7+TNF*_c
IL4_CCL21A,combinatorial,9,IL4_CCL19_c,IL4+CCL19/21A_c
IL4_CCL19,combinatorial,9,IL4_CCL19_c,IL4+CCL19/21A_c
IL2_TNFSF15,combinatorial,10,IL2_TNFSF4_c,IL2+TNFSF4/15_c
IL2_TNFSF4,combinatorial,10,IL2_TNFSF4_c,IL2+TNFSF4/15_c
IL21_TNFSF15,combinatorial,11,IL6_TNFSF18_c,IL6/21+TNF*_c
IL6_TNFSF15,combinatorial,11,IL6_TNFSF18_c,IL6/21+TNF*_c
IL6_TNFSF4,combinatorial,11,IL6_TNFSF18_c,IL6/21+TNF*_c
IL21_TNFSF4,combinatorial,11,IL6_TNFSF18_c,IL6/21+TNF*_c
IL21_TNFSF18,combinatorial,11,IL6_TNFSF18_c,IL6/21+TNF*_c
IL21_TNF,combinatorial,11,IL6_TNFSF18_c,IL6/21+TNF*_c
IL6_TNF,combinatorial,11,IL6_TNFSF18_c,IL6/21+TNF*_c
IL6_TNFSF18,combinatorial,11,IL6_TNFSF18_c,IL6/21+TNF*_c
TNF_IL21,combinatorial,11,IL6_TNFSF18_c,IL6/21+TNF*_c
TNF_IL6,combinatorial,11,IL6_TNFSF18_c,IL6/21+TNF*_c
IL2_TNF,combinatorial,12,IL2_TNFSF18_c,IL2+TNF/TNFSF18_c
IL2_TNFSF18,combinatorial,12,IL2_TNFSF18_c,IL2+TNF/TNFSF18_c
TNF_IL2,combinatorial,12,IL2_TNFSF18_c,IL2+TNF/TNFSF18_c
IL4_TNFSF18,combinatorial,13,IL4_TNFSF18_c,IL4+TNF*_c
IL4_TNFSF4,combinatorial,13,IL4_TNFSF18_c,IL4+TNF*_c
IL4_TNF,combinatorial,13,IL4_TNFSF18_c,IL4+TNF*_c
IL4_TNFSF15,combinatorial,13,IL4_TNFSF18_c,IL4+TNF*_c
TNF_IL4,combinatorial,13,IL4_TNFSF18_c,IL4+TNF*_c
TNF_TNFSF15,combinatorial,15,TNF_TNFSF4_c,TNF+TNFSF4/15_c
TNF_TNFSF4,combinatorial,15,TNF_TNFSF4_c,TNF+TNFSF4/15_c
IL2_IFNK,combinatorial,16,IL2_IFNB1_c,IL2+IFN1_c
IL2_IFNA,combinatorial,16,IL2_IFNB1_c,IL2+IFN1_c
IL2_IFNB1,combinatorial,16,IL2_IFNB1_c,IL2+IFN1_c
IL4_IFNB1,combinatorial,17,IL4_IFNB1_c,IL4+IFN1_c
IL4_IFNK,combinatorial,17,IL4_IFNB1_c,IL4+IFN1_c
IL4_IFNA,combinatorial,17,IL4_IFNB1_c,IL4+IFN1_c
TNF_IFNG,combinatorial,18,IL27_TNF_c,IL27/IFNG+TNF_c
IL27_TNF,combinatorial,18,IL27_TNF_c,IL27/IFNG+TNF_c
TNF_IL27,combinatorial,18,IL27_TNF_c,IL27/IFNG+TNF_c
TNF_IFNK,combinatorial,19,TNF_IFNB1_c,TNF+IFN1_c
TNF_IFNB1,combinatorial,19,TNF_IFNB1_c,TNF+IFN1_c
TNF_IFNA,combinatorial,19,TNF_IFNB1_c,TNF+IFN1_c
IL21_IFNB1,combinatorial,20,IL21_IFNB1_c,IL21+IFN1_c
IL21_IFNK,combinatorial,20,IL21_IFNB1_c,IL21+IFN1_c
IL21_IFNA,combinatorial,20,IL21_IFNB1_c,IL21+IFN1_c
IL4_IL27,combinatorial,21,IL27_IL4_c,IL4+IL27
IL27_IL4,combinatorial,21,IL27_IL4_c,IL4+IL27
IL27_IL2,combinatorial,22,IL27_IL2_c,IL2+IL27
IL2_IL27,combinatorial,22,IL27_IL2_c,IL2+IL27
IL2_IFNG,combinatorial,23,IFNG_IL2_c,IL2+IFNG
IFNG_IL2,combinatorial,23,IFNG_IL2_c,IL2+IFNG
IL27_IFNB1,combinatorial,24,IL27_IFNB1_c,IL27+IFN1_c
IL27_IFNK,combinatorial,24,IL27_IFNB1_c,IL27+IFN1_c
IL27_IFNA,combinatorial,24,IL27_IFNB1_c,IL27+IFN1_c
IL4_IL6,combinatorial,25,IL4_IL21_c,IL4+IL6/21_c
IL4_IL21,combinatorial,25,IL4_IL21_c,IL4+IL6/21_c
IL6_IL4,combinatorial,25,IL4_IL21_c,IL4+IL6/21_c
IL21_IL4,combinatorial,25,IL4_IL21_c,IL4+IL6/21_c
IL2_IL7,combinatorial,27,IL7_IL4_c,IL2/4+IL7_c
IL7_IL4,combinatorial,27,IL7_IL4_c,IL2/4+IL7_c
IL7_IL7,combinatorial,27,IL7_IL4_c,IL2/4+IL7_c
IL4_IL7,combinatorial,27,IL7_IL4_c,IL2/4+IL7_c
IL7_IL2,combinatorial,27,IL7_IL4_c,IL2/4+IL7_c
IL27_IL21,combinatorial,29,IL27_IL21_c,IL6/IL21+IL27_c
IL27_IL6,combinatorial,29,IL27_IL21_c,IL6/IL21+IL27_c
IL21_IL27,combinatorial,29,IL27_IL21_c,IL6/IL21+IL27_c
IL6_IL27,combinatorial,29,IL27_IL21_c,IL6/IL21+IL27_c
IL21_IL2,combinatorial,31,IL6_IL2_c,IL6/21+IL2_c
IL2_IL21,combinatorial,31,IL6_IL2_c,IL6/21+IL2_c
IL2_IL6,combinatorial,31,IL6_IL2_c,IL6/21+IL2_c
IL6_IL2,combinatorial,31,IL6_IL2_c,IL6/21+IL2_c
TGFB1_linker,single,-1,TGFB1_linker,TGFB1
linker_TSLP,single,-1,linker_TSLP,TSLP
linker_CCL19,single,3,linker_CCL19_c,CCL19/21A_c
linker_CCL21A,single,3,linker_CCL19_c,CCL19/21A_c
TNF_linker,single,4,linker_TNFSF18_c,TNF*_c
linker_TNF,single,4,linker_TNFSF18_c,TNF*_c
linker_TNFSF4,single,4,linker_TNFSF18_c,TNF*_c
linker_TNFSF9,single,4,linker_TNFSF18_c,TNF*_c
linker_TNFSF15,single,4,linker_TNFSF18_c,TNF*_c
linker_TNFSF18,single,4,linker_TNFSF18_c,TNF*_c
IL6_linker,single,5,IL21_linker_c,IL6/21_c
IL21_linker,single,5,IL21_linker_c,IL6/21_c
linker_IL6,single,5,IL21_linker_c,IL6/21_c
linker_IL21,single,5,IL21_linker_c,IL6/21_c
IL7_linker,single,6,IL7_linker_c,IL7
linker_IL7,single,6,IL7_linker_c,IL7
linker_IFNA,single,7,linker_IFNB1_c,IFNB1_c
linker_IFNB1,single,7,linker_IFNB1_c,IFNB1_c
linker_IFNK,single,7,linker_IFNB1_c,IFNB1_c
IL2_linker,single,8,linker_IL2_c,IL2
linker_IL2,single,8,linker_IL2_c,IL2
IL4_linker,single,9,IL4_linker_c,IL4
linker_IL4,single,9,IL4_linker_c,IL4
IFNG_linker,single,10,IFNG_linker_c,IFNG
linker_IFNG,single,10,IFNG_linker_c,IFNG
IL27_linker,single,11,IL27_linker_c,IL27
linker_IL27,single,11,IL27_linker_c,IL27
