mouse_gene,human_gene
AB124611,C19orf38
AI467606,C16orf54
AI837181,C11orf68
AU022252,C1orf50
AU040320,KIAA0319L
Aacs,AACS
Aak1,AAK1
Aamp,AAMP
Aars,
Aasdhppt,AASDHPPT
Aatf,AATF
Abca1,ABCA1
Abca2,ABCA2
Abca3,ABCA3
Abca7,ABCA7
Abcb1b,ABCB1
Abcb7,ABCB7
Abcb8,ABCB8
Abcc1,ABCC1
Abcc4,ABCC4
Abcc5,ABCC5
Abcd1,ABCD1
Abcd3,ABCD3
Abcd4,ABCD4
Abce1,ABCE1
Abcf1,ABCF1
Abcg1,ABCG1
Abcg2,
Abcg3,ABCG2
Abhd11,ABHD11
Abhd15,ABHD15
Abhd17b,ABHD17B
Abhd2,ABHD2
Abhd4,ABHD4
Abhd8,ABHD8
Abi1,ABI1
Abi2,ABI2
Abi3,ABI3
Abitram,ABITRAM
Ablim1,ABLIM1
Abr,ABR
Abracl,ABRACL
Abtb1,ABTB1
Abtb2,ABTB2
Abtb3,ABTB3
Acaa2,ACAA2
Acaca,ACACA
Acad10,ACAD10
Acad11,ACAD11
Acad8,ACAD8
Acad9,ACAD9
Acadl,ACADL
Acadsb,ACADSB
Acap3,ACAP3
Acat1,ACAT1
Acat2,ACAT2
Acbd3,ACBD3
Acbd4,ACBD4
Acbd5,ACBD5
Accs,ACCS
Acin1,ACIN1
Acly,ACLY
Aco1,ACO1
Aco2,ACO2
Acot11,ACOT11
Acot13,ACOT13
Acot2,ACOT1
Acot7,ACOT7
Acox1,ACOX1
Acox3,ACOX3
Acp1,
Acp5,ACP5
Acrbp,ACRBP
Acsbg1,ACSBG1
Acsf2,ACSF2
Acsl3,ACSL3
Acsl4,ACSL4
Acsl5,ACSL5
Acss1,ACSS1
Acss2,ACSS2
Actg1,ACTG1
Actl6a,ACTL6A
Actn1,ACTN1
Actn4,ACTN4
Actr10,ACTR10
Actr2,ACTR2
Actr3,ACTR3
Actr6,ACTR6
Actr8,ACTR8
Acvr1b,ACVR1B
Acyp1,
Adal,MAPDA
Adam10,ADAM10
Adam17,ADAM17
Adam19,
Adam9,ADAM9
Adamts10,ADAMTS10
Adamts6,ADAMTS6
Adap1,ADAP1
Adar,ADAR
Adat2,ADAT2
Adck1,ADCK1
Adck2,ADCK2
Adcy3,ADCY3
Adcy6,ADCY6
Adcy7,ADCY7
Add1,ADD1
Add3,ADD3
Adgre5,ADGRE5
Adgrl1,ADGRL1
Adh1,ADH1C
Adh5,ADH5
Adi1,ADI1
Adipor1,ADIPOR1
Adipor2,ADIPOR2
Adk,ADK
Ado,ADO
Adora2a,ADORA2A
Adpgk,ADPGK
Adprh,ADPRH
Adprm,ADPRM
Adprs,ADPRS
Adss,
Aebp2,AEBP2
Aen,AEN
Aff1,AFF1
Aff3,AFF3
Aff4,AFF4
Aftph,AFTPH
Aga,AGA
Agap2,AGAP2
Agbl5,AGBL5
Ager,AGER
Agfg1,AGFG1
Aggf1,AGGF1
Ago1,AGO1
Ago2,AGO2
Ago3,AGO3
Agpat1,AGPAT1
Agpat3,AGPAT3
Agpat4,AGPAT4
Agpat5,AGPAT5
Agtpbp1,AGTPBP1
Agtrap,AGTRAP
Ahctf1,AHCTF1
Ahcyl1,AHCYL1
Ahcyl2,AHCYL2
Ahdc1,AHDC1
Ahi1,AHI1
Ahnak,AHNAK
Ahsa1,AHSA1
Ahsa2,
Aida,AIDA
Aifm1,AIFM1
Aim2,AIM2
Aimp1,AIMP1
Aimp2,AIMP2
Aip,AIP
Ak2,AK2
Akap10,AKAP10
Akap11,AKAP11
Akap12,AKAP12
Akap13,AKAP13
Akap8l,AKAP8L
Akap9,AKAP9
Akirin1,AKIRIN1
Akna,AKNA
Akr1b10,AKR1B10
Akr1b3,
Akr1c13,
Akt1,AKT1
Akt1s1,AKT1S1
Akt2,AKT2
Akt3,AKT3
Alad,ALAD
Aldh18a1,ALDH18A1
Aldh2,ALDH2
Aldh9a1,ALDH9A1
Aldoa,ALDOA
Alg1,ALG1L2
Alg10b,
Alg5,ALG5
Alg9,ALG9
Alkbh4,ALKBH4
Alkbh6,ALKBH6
Als2,ALS2
Als2cl,ALS2CL
Alyref,ALYREF
Amfr,AMFR
Amigo2,AMIGO2
Ammecr1,AMMECR1
Amn1,AMN1
Ampd2,AMPD2
Amz2,AMZ2
Anapc1,ANAPC1
Anapc11,ANAPC11
Anapc16,ANAPC16
Anapc7,ANAPC7
Ank,ANKH
Ankfy1,ANKFY1
Ankib1,ANKIB1
Ankra2,ANKRA2
Ankrd11,ANKRD11
Ankrd12,ANKRD12
Ankrd13a,ANKRD13A
Ankrd13c,ANKRD13C
Ankrd13d,ANKRD13D
Ankrd16,ANKRD16
Ankrd17,ANKRD17
Ankrd27,ANKRD27
Ankrd28,ANKRD28
Ankrd44,ANKRD44
Ankrd46,ANKRD46
Ankrd49,ANKRD49
Ankrd50,ANKRD50
Ankrd52,ANKRD52
Ankrd55,ANKRD55
Anks1,ANKS1A
Anks3,ANKS3
Ankzf1,ANKZF1
Ano6,ANO6
Anp32a,ANP32D
Anp32e,ANP32E
Antxr2,ANTXR2
Anxa11,ANXA11
Anxa5,ANXA5
Anxa6,ANXA6
Anxa7,ANXA7
Aopep,AOPEP
Ap1ar,AP1AR
Ap1b1,AP1B1
Ap1g2,AP1G2
Ap1m1,AP1M1
Ap1s1,AP1S1
Ap1s2,AP1S2
Ap1s3,AP1S3
Ap3b1,AP3B1
Ap3d1,AP3D1
Ap3m1,AP3M1
Ap3m2,AP3M2
Ap3s2,AP3S2
Ap4m1,AP4M1
Ap4s1,AP4S1
Ap5z1,AP5Z1
Apaf1,APAF1
Apbb1ip,APBB1IP
Apex1,APEX1
Apex2,APEX2
Aph1a,APH1A
Aplp2,APLP2
Apmap,APMAP
Apobec1,APOBEC1
Apobec3,APOBEC3H
Apool,APOOL
Appbp2,APPBP2
Appl2,APPL2
Aqp3,AQP3
Ar,AR
Arap1,ARAP1
Arap2,ARAP2
Arcn1,ARCN1
Arel1,AREL1
Arf2,ARL17A
Arf4,ARF4
Arf5,ARF5
Arf6,ARF6
Arfgef1,ARFGEF1
Arfip1,ARFIP1
Arglu1,ARGLU1
Arhgap1,ARHGAP1
Arhgap15,ARHGAP15
Arhgap17,ARHGAP17
Arhgap18,ARHGAP18
Arhgap25,ARHGAP25
Arhgap26,ARHGAP26
Arhgap27,ARHGAP27
Arhgap30,ARHGAP30
Arhgap31,ARHGAP31
Arhgap35,ARHGAP35
Arhgap39,ARHGAP39
Arhgap4,ARHGAP4
Arhgap45,ARHGAP45
Arhgap9,ARHGAP9
Arhgdia,ARHGDIA
Arhgdib,ARHGDIB
Arhgef1,ARHGEF1
Arhgef10,ARHGEF10
Arhgef18,ARHGEF18
Arhgef2,ARHGEF2
Arhgef3,ARHGEF3
Arhgef4,
Arhgef6,ARHGEF6
Arhgef9,ARHGEF9
Arid1b,ARID1B
Arid2,ARID2
Arid3a,ARID3A
Arid3b,ARID3B
Arid4a,ARID4A
Arid4b,ARID4B
Arid5a,ARID5A
Arid5b,ARID5B
Arih1,ARIH1
Arih2,ARIH2
Arl1,ARL1
Arl13b,ARL13B
Arl4c,ARL4C
Arl5a,ARL5A
Arl5b,ARL5B
Arl5c,ARL5C
Arl6ip1,ARL6IP1
Arl6ip5,ARL6IP5
Arl8a,ARL8A
Armc7,ARMC7
Armc9,ARMC9
Arnt,ARNT
Arpc1b,ARPC1B
Arpc4,ARPC4
Arpc5,ARPC5
Arpc5l,ARPC5L
Arpp19,ARPP19
Arrb1,ARRB1
Arrb2,ARRB2
Arrdc3,ARRDC3
Arsa,ARSA
Arsb,ARSB
Art4,ART4
Asap1,ASAP1
Asb13,ASB13
Asb3,ASB3
Ascc1,ASCC1
Ascc2,ASCC2
Ascc3,ASCC3
Asf1a,ASF1A
Asf1b,ASF1B
Ash1l,ASH1L
Asl,ASL
Asnsd1,ASNSD1
Aspm,ASPM
Asrgl1,ASRGL1
Ass1,ASS1
Asxl1,ASXL1
Asxl2,ASXL2
Atad2,
Atat1,ATAT1
Atf2,ATF2
Atf4,ATF4
Atf6,ATF6
Atf7,ATF7
Atf7ip,ATF7IP
Atg12,ATG12
Atg13,ATG13
Atg16l2,ATG16L2
Atg2a,ATG2A
Atg2b,ATG2B
Atg9a,ATG9A
Atic,ATIC
Atl2,ATL2
Atl3,ATL3
Atm,ATM
Atn1,ATN1
Atosa,ATOSA
Atosb,ATOSB
Atp10a,ATP10A
Atp11a,ATP11A
Atp11b,ATP11B
Atp13a1,ATP13A1
Atp13a2,ATP13A2
Atp13a3,ATP13A3
Atp1a1,ATP1A1
Atp1b1,ATP1B1
Atp1b3,ATP1B3
Atp2a2,ATP2A2
Atp2a3,ATP2A3
Atp2b1,ATP2B1
Atp2b4,ATP2B4
Atp5b,
Atp5c1,
Atp5d,
Atp5e,
Atp5g3,
Atp5j2,
Atp5pb,ATP5PB
Atp6ap1,ATP6AP1
Atp6ap2,ATP6AP2
Atp6v0a1,ATP6V0A1
Atp6v0a2,ATP6V0A2
Atp6v0b,ATP6V0B
Atp6v0c,ATP6V0C
Atp6v0d1,ATP6V0D1
Atp6v0e,ATP6V0E1
Atp6v1b2,ATP6V1B2
Atp6v1d,ATP6V1D
Atp6v1e1,ATP6V1E1
Atp6v1h,ATP6V1H
Atp7a,ATP7A
Atp8a1,ATP8A1
Atp8b2,ATP8B2
Atp8b4,ATP8B4
Atp9b,ATP9B
Atpaf2,ATPAF2
Atpif1,
Atr,ATR
Atraid,ATRAID
Atrn,ATRN
Atrnl1,ATRNL1
Atrx,ATRX
Atxn1,ATXN1
Atxn2,ATXN2
Atxn2l,ATXN2L
Atxn3,ATXN3
Atxn7,ATXN7
Atxn7l1,ATXN7L1
Atxn7l3,ATXN7L3
Auh,AUH
Aup1,AUP1
Aurkb,AURKB
Aven,AVEN
Avl9,AVL9
Axin2,AXIN2
Axl,AXL
Azi2,AZI2
Azin1,AZIN1
B2m,B2M
B3galt4,B3GALT4
B3gnt2,B3GNT2
B3gntl1,QTGAL
B4galnt1,B4GALNT1
B4galt1,B4GALT1
B4galt3,B4GALT3
B4galt5,B4GALT5
B4galt7,B4GALT7
B9d2,B9D2
BC005537,C6orf62
BC025920,ZNF77
BC049715,C12orf60
BC147527,
Bach1,BACH1
Bach2,BACH2
Bag1,BAG1
Bag5,BAG5
Bahd1,BAHD1
Baiap2,BAIAP2
Bak1,BAK1
Banf1,BANF1
Bank1,BANK1
Banp,BANP
Bard1,BARD1
Batf,BATF
Bax,BAX
Baz1a,BAZ1A
Baz1b,BAZ1B
Baz2a,BAZ2A
Baz2b,BAZ2B
Bbc3,BBC3
Bbip1,BBIP1
Bbs2,BBS2
Bbs9,BBS9
Bbx,BBX
Bcap31,BCAP31
Bcas3,BCAS3
Bcat2,BCAT2
Bccip,BCCIP
Bcdin3d,BCDIN3D
Bckdha,BCKDHA
Bcl10,BCL10
Bcl11b,BCL11B
Bcl2,BCL2
Bcl2a1b,BCL2A1
Bcl2a1d,BCL2A1
Bcl2l1,BCL2L1
Bcl2l11,BCL2L11
Bcl2l13,BCL2L13
Bcl3,BCL3
Bcl6,BCL6
Bcl7a,BCL7A
Bcl7c,BCL7C
Bcl9l,BCL9L
Bclaf1,BCLAF1
Bclaf3,BCLAF3
Bcor,BCOR
Bcr,BCR
Bdh1,BDH1
Becn1,BECN1
Bend5,BEND5
Bfar,BFAR
Bhlhb9,GPRASP3
Bhlhe40,BHLHE40
Bicd2,BICD2
Bicdl1,BICDL1
Bicra,BICRA
Bicral,BICRAL
Bin1,BIN1
Bin2,BIN2
Bin3,BIN3
Birc2,BIRC2
Birc3,BIRC3
Birc5,BIRC5
Blcap,BLCAP
Blm,BLM
Blmh,BLMH
Bloc1s2,BLOC1S2
Bloc1s5,BLOC1S5
Bloc1s6,BLOC1S6
Blvrb,BLVRB
Bmi1,BMI1
Bmp2k,BMP2K
Bmpr2,BMPR2
Bmt2,
Bmyc,
Bnip3l,BNIP3L
Bod1l,BOD1L1
Bola1,BOLA1
Bola3,BOLA3
Borcs5,BORCS5
Borcs6,BORCS6
Borcs8,BORCS8
Bpgm,BPGM
Bphl,BPHL
Bpnt1,BPNT1
Bptf,BPTF
Braf,BRAF
Brca1,BRCA1
Brd2,BRD2
Brd3,BRD3
Brd8,BRD8
Brf1,BRF1
Bri3,
Bri3bp,BRI3BP
Brox,BROX
Brpf1,BRPF1
Brwd3,BRWD3
Bsdc1,BSDC1
Bst2,BST2
Btbd10,BTBD10
Btbd2,BTBD2
Btbd6,BTBD6
Btbd8,BTBD8
Btd,BTD
Btf3,
Btg1,BTG1
Btg2,BTG2
Btg3,BTG3
Btla,BTLA
Bub3,BUB3
Bud23,BUD23
Bud31,BUD31
Bzw1,BZW1
Bzw2,BZW2
C1galt1,C1GALT1
C1qtnf12,C1QTNF12
C2cd2l,C2CD2L
C2cd3,C2CD3
C2cd5,C2CD5
Cab39,CAB39
Cabin1,CABIN1
Cacnb1,CACNB1
Cacnb3,CACNB3
Cacybp,CACYBP
Cad,CAD
Calcoco1,CALCOCO1
Calcrl,CALCRL
Calhm2,CALHM2
Calhm6,CALHM6
Calm1,CALM1
Calr,CALR
Camk1d,CAMK1D
Camk2d,
Camkk2,CAMKK2
Camsap2,CAMSAP2
Canx,CANX
Cap1,CAP1
Capg,CAPG
Capn1,CAPN1
Capn2,CAPN2
Capn3,CAPN3
Capn7,CAPN7
Caprin1,CAPRIN1
Capza1,CAPZA1
Capza2,CAPZA2
Capzb,CAPZB
Card11,CARD11
Card19,CARD19
Card6,CARD6
Carhsp1,CARHSP1
Carm1,CARM1
Carnmt1,CARNMT1
Carns1,CARNS1
Cars2,CARS2
Casp2,CASP2
Casp3,CASP3
Casp6,CASP6
Casp7,CASP7
Casp8,CASP8
Cast,CAST
Castor1,CASTOR1
Castor2,CASTOR2
Cat,CAT
Cbarp,CBARP
Cbfb,CBFB
Cblb,CBLB
Cbr4,CBR4
Cbx1,
Cbx2,CBX2
Cbx4,CBX4
Cbx7,CBX7
Cc2d1a,CC2D1A
Ccdc107,CCDC107
Ccdc115,VMA22
Ccdc124,CCDC124
Ccdc125,CCDC125
Ccdc126,CCDC126
Ccdc138,CCDC138
Ccdc157,CCDC157
Ccdc171,CCDC171
Ccdc18,CCDC18
Ccdc181,CCDC181
Ccdc186,CCDC186
Ccdc191,CCDC191
Ccdc25,CCDC25
Ccdc28a,CCDC28A
Ccdc28b,CCDC28B
Ccdc47,CCDC47
Ccdc50,CCDC50
Ccdc6,CCDC6
Ccdc69,CCDC69
Ccdc77,CCDC77
Ccdc84,
Ccdc85b,CCDC85B
Ccdc88b,CCDC88B
Ccdc93,CCDC93
Ccdc97,CCDC97
Cchcr1,CCHCR1
Ccm2,CCM2
Ccna2,CCNA2
Ccnb2,CCNB2
Ccnd2,CCND2
Ccnd3,CCND3
Ccndbp1,CCNDBP1
Ccne1,CCNE1
Ccne2,CCNE2
Ccng1,CCNG1
Ccng2,CCNG2
Ccnh,CCNH
Ccni,CCNI
Ccnk,CCNK
Ccnl1,CCNL1
Ccnl2,CCNL2
Ccnt1,CCNT1
Ccnyl1,CCNYL1
Ccpg1,CCPG1
Ccr4,CCR4
Ccr7,CCR7
Ccs,CCS
Ccser2,CCSER2
Cct2,CCT2
Cct3,CCT3
Cct4,CCT4
Cct5,CCT5
Cct7,CCT7
Cd101,CD101
Cd164,CD164
Cd1d1,CD1D
Cd2,CD2
Cd200,CD200
Cd200r1,CD200R1L
Cd226,CD226
Cd247,CD247
Cd27,CD27
Cd274,CD274
Cd28,CD28
Cd2ap,CD2AP
Cd2bp2,CD2BP2
Cd37,CD37
Cd3d,CD3D
Cd3e,CD3E
Cd3g,CD3G
Cd4,CD4
Cd40lg,CD40LG
Cd44,CD44
Cd46,CD46
Cd47,CD47
Cd48,CD48
Cd5,CD5
Cd52,CD52
Cd53,CD53
Cd55,CD55
Cd6,CD6
Cd69,CD69
Cd7,CD7
Cd74,CD74
Cd79b,CD79B
Cd81,CD81
Cd82,CD82
Cd84,CD84
Cd8b1,CD8B2
Cd9,CD9
Cd96,CD96
Cd99l2,CD99L2
Cdadc1,CDADC1
Cdc14a,CDC14A
Cdc14b,CDC14C
Cdc25a,CDC25A
Cdc37,CDC37
Cdc40,CDC40
Cdc42,CDC42
Cdc42ep3,CDC42EP3
Cdc42se1,CDC42SE1
Cdc42se2,CDC42SE2
Cdc6,CDC6
Cdc7,CDC7
Cdc73,CDC73
Cdca2,CDCA2
Cdca4,CDCA4
Cdca5,CDCA5
Cdca7,CDCA7
Cdca7l,CDCA7L
Cdh24,CDH24
Cdin1,CDIN1
Cdipt,CDIPT
Cdk1,CDK1
Cdk12,CDK12
Cdk17,CDK17
Cdk19,CDK19
Cdk2ap2,CDK2AP2
Cdk4,CDK4
Cdk5rap2,CDK5RAP2
Cdk5rap3,CDK5RAP3
Cdk6,CDK6
Cdk8,CDK8
Cdkl3,CDKL3
Cdkn1b,CDKN1B
Cdkn2aipnl,CDKN2AIPNL
Cdkn2d,CDKN2D
Cdon,CDON
Cds2,CDS2
Cdt1,CDT1
Cdv3,CDV3
Cdyl,CDYL
Cdyl2,CDYL2
Cebpg,CEBPG
Cebpz,CEBPZ
Celf2,CELF2
Celsr1,CELSR1
Cenpa,CENPA
Cenpb,CENPB
Cenpc1,CENPC
Cenpe,CENPE
Cenpf,CENPF
Cenpl,CENPL
Cenps,CENPS
Cenpw,CENPW
Cenpx,CENPX
Cep120,CEP120
Cep128,CEP128
Cep162,CEP162
Cep170,CEP170
Cep192,CEP192
Cep295,CEP295
Cep350,CEP350
Cep43,CEP43
Cep44,CEP44
Cep55,CEP55
Cep63,CEP63
Cep68,CEP68
Cep72,CEP72
Cep76,CEP76
Cep78,CEP78
Cep83,CEP83
Cep85l,CEP85L
Cep89,CEP89
Cep95,CEP95
Cep97,CEP97
Cept1,CEPT1
Cerk,CERK
Cerkl,CERKL
Cers2,CERS2
Cers5,CERS5
Cetn3,CETN3
Cfap20,CFAP20
Cfap298,CFAP298
Cfap36,CFAP36
Cfdp1,CFDP1
Cfl1,CFL1
Cflar,CFLAR
Cfp,CFP
Cggbp1,CGGBP1
Cgrrf1,CGRRF1
Chaf1b,CHAF1B
Chchd10,CHCHD10
Chchd3,CHCHD3
Chchd5,CHCHD5
Chchd7,CHCHD7
Chd1,CHD1
Chd2,CHD2
Chd3,CHD3
Chd4,CHD4
Chd6,CHD6
Chd7,CHD7
Chek1,CHEK1
Chfr,CHFR
Chic2,CHIC2
Chid1,CHID1
Chkb,CHKB
Chm,CHM
Chmp1a,CHMP1A
Chmp1b,CHMP1B
Chmp2b,CHMP2B
Chmp3,CHMP3
Chmp4b,CHMP4B
Chmp5,CHMP5
Chn2,CHN2
Chordc1,CHORDC1
Chp1,CHP1
Chpf,CHPF
Chpf2,CHPF2
Chrac1,CHRAC1
Chst12,CHST12
Chtop,CHTOP
Chuk,CHUK
Churc1,CHURC1
Ciao2a,CIAO2A
Ciao2b,CIAO2B
Cib1,CIB1
Cic,CIC
Cilk1,CILK1
Cinp,CINP
Cipc,CIPC
Cir1,CIRSR
Cisd1,CISD1
Cisd3,CISD3
Cish,CISH
Cited2,CITED2
Clasp1,CLASP1
Clcf1,CLCF1
Clcn3,CLCN3
Cldnd1,CLDND1
Clec2d,CLEC2D
Clec2i,CLEC2D
Clic1,CLIC1
Clic4,CLIC4
Clint1,CLINT1
Clip1,CLIP1
Clk1,CLK1
Clk3,CLK3
Clk4,CLK4
Cln3,CLN3
Cln6,CLN6
Clock,CLOCK
Clptm1,CLPTM1
Clptm1l,CLPTM1L
Clspn,CLSPN
Clta,CLTA
Cltb,CLTB
Cltc,CLTC
Cluap1,CLUAP1
Cmah,
Cmas,CMAS
Cmc1,CMC1
Cmc2,CMC2
Cmtm6,CMTM6
Cmtm7,CMTM7
Cmtr1,CMTR1
Cndp2,CNDP2
Cnih4,CNIH4
Cnn2,CNN2
Cnn3,CNN3
Cnnm2,CNNM2
Cnnm4,CNNM4
Cnot2,CNOT2
Cnot4,CNOT4
Cnot6,CNOT6
Cnot6l,CNOT6L
Cnot8,CNOT8
Cnp,CNP
Cnppd1,CNPPD1
Cnpy4,CNPY4
Cnr2,CNR2
Cnst,CNST
Cntrl,CNTRL
Coa4,COA4
Coa5,COA5
Coasy,COASY
Cog2,COG2
Cog5,COG5
Cog6,COG6
Cog8,COG8
Col11a2,COL11A2
Colgalt1,COLGALT1
Commd3,COMMD3
Commd4,COMMD4
Commd7,COMMD7
Commd8,COMMD8
Comt,COMT
Cop1,COP1
Copa,COPA
Copb1,COPB1
Cops2,COPS2
Cops3,COPS3
Cops4,COPS4
Cops6,COPS6
Cops7a,COPS7A
Cops9,
Copz1,COPZ1
Coq10b,COQ10B
Coq2,COQ2
Coq3,COQ3
Coq7,COQ7
Coq8a,COQ8A
Coro1a,CORO1A
Coro1c,CORO1C
Coro2a,CORO2A
Coro7,CORO7
Cotl1,
Cox10,COX10
Cox14,COX14
Cox15,COX15
Cox16,COX16
Cox17,COX17
Cox18,COX18
Cox5a,COX5A
Cox6a1,COX6A1
Cox6b1,COX6B1
Cox7a2,COX7A2
Cox7a2l,COX7A2L
Cox7b,
Cox8a,
Cpd,CPD
Cpeb4,CPEB4
Cplane1,CPLANE1
Cpm,CPM
Cpne1,
Cpne3,CPNE3
Cpsf2,CPSF2
Cpsf3,CPSF3
Cpt1a,CPT1A
Cracr2a,CRACR2A
Cradd,CRADD
Crbn,CRBN
Crcp,CRCP
Creb1,CREB1
Creb3,CREB3
Crebbp,CREBBP
Crebl2,CREBL2
Crebrf,CREBRF
Creg1,CREG1
Creld2,CRELD2
Crem,CREM
Crim1,CRIM1
Crip1,CRIP1
Crlf2,CRLF2
Crlf3,CRLF3
Crls1,CRLS1
Crmp1,CRMP1
Crnkl1,CRNKL1
Crot,CROT
Crtap,CRTAP
Crtc2,CRTC2
Crtc3,CRTC3
Cry1,CRY1
Crybg1,CRYBG1
Cryzl1,CRYZL1
Csde1,CSDE1
Cse1l,CSE1L
Csk,CSK
Csnk1g2,CSNK1G2
Csnk2a2,CSNK2A2
Cspp1,CSPP1
Csrnp1,CSRNP1
Csrp1,CSRP1
Cst3,CST3
Cst7,CST7
Cstb,CSTB
Cstf2,CSTF2
Ctbs,CTBS
Ctcf,CTCF
Ctdnep1,CTDNEP1
Ctdp1,CTDP1
Ctdsp1,CTDSP1
Ctdsp2,CTDSP2
Ctla2a,
Ctla2b,
Ctla4,CTLA4
Ctnna1,CTNNA1
Ctnnb1,CTNNB1
Ctns,CTNS
Ctps,
Ctps2,CTPS2
Ctsa,CTSA
Ctsb,CTSB
Ctsc,CTSC
Ctsd,CTSD
Ctso,CTSO
Ctss,CTSS
Ctsw,CTSW
Ctsz,CTSZ
Cuedc2,CUEDC2
Cul1,CUL1
Cul2,CUL2
Cul3,CUL3
Cul4b,CUL4B
Cul7,CUL7
Cuta,CUTA
Cutc,CUTC
Cux1,CUX1
Cwc27,CWC27
Cwf19l2,CWF19L2
Cxcr4,CXCR4
Cyb561a3,CYB561A3
Cyb561d1,CYB561D1
Cyb561d2,CYB561D2
Cyb5a,CYB5A
Cyb5b,CYB5B
Cyb5r3,CYB5R3
Cyb5r4,CYB5R4
Cyba,CYBA
Cybc1,CYBC1
Cyfip1,CYFIP1
Cyfip2,CYFIP2
Cyhr1,
Cyld,CYLD
Cyp20a1,CYP20A1
Cyp39a1,CYP39A1
Cyp4f13,CYP4F8
Cyp51,CYP51A1
Cyria,CYRIA
Cyth1,CYTH1
Cyth3,CYTH3
Cyth4,CYTH4
Cytip,CYTIP
Czib,CZIB
D11Wsu47e,
D16Ertd472e,C21orf91
D2hgdh,D2HGDH
Daam1,DAAM1
Dad1,DAD1
Dag1,DAG1
Dalrd3,DALRD3
Dap,DAP
Dapl1,DAPL1
Dapp1,DAPP1
Daxx,DAXX
Dazap1,DAZAP1
Dazap2,DAZAP2
Dbi,DBI
Dbndd2,DBNDD2
Dbnl,DBNL
Dbp,DBP
Dcaf1,DCAF1
Dcaf11,DCAF11
Dcaf12,DCAF12
Dcaf15,DCAF15
Dcaf17,DCAF17
Dcaf6,DCAF6
Dcaf8,DCAF8
Dcakd,DCAKD
Dck,DCK
Dclre1c,DCLRE1C
Dcp1a,DCP1A
Dcp1b,DCP1B
Dcp2,DCP2
Dcps,DCPS
Dctn2,DCTN2
Dctn4,DCTN4
Dctn5,DCTN5
Dctpp1,DCTPP1
Dcun1d2,DCUN1D2
Dcun1d5,DCUN1D5
Dda1,DDA1
Ddb1,DDB1
Ddb2,DDB2
Ddit3,DDIT3
Ddit4,DDIT4
Ddr1,DDR1
Ddrgk1,DDRGK1
Ddt,
Ddx1,DDX1
Ddx10,DDX10
Ddx11,DDX11
Ddx20,DDX20
Ddx21,DDX21
Ddx23,DDX23
Ddx24,DDX24
Ddx28,DDX28
Ddx39a,DDX39A
Ddx39b,DDX39B
Ddx3x,DDX3X
Ddx41,DDX41
Ddx42,DDX42
Ddx46,DDX46
Ddx5,DDX5
Ddx52,DDX52
Ddx54,DDX54
Ddx6,DDX6
Ddx60,DDX60
Decr1,DECR1
Dedd2,DEDD2
Def6,DEF6
Degs1,DEGS1
Dek,DEK
Dennd1c,DENND1C
Dennd2d,DENND2D
Dennd4a,DENND4A
Dennd4b,DENND4B
Dennd5a,DENND5A
Dennd6a,DENND6A
Denr,DENR
Dera,DERA
Derl1,DERL1
Derl3,DERL3
Desi1,DESI1
Desi2,DESI2
Dexi,DEXI
Dgcr6,DGCR6
Dgka,DGKA
Dgkd,DGKD
Dgkz,DGKZ
Dhcr24,DHCR24
Dhcr7,DHCR7
Dhfr,DHFR2
Dhrs1,DHRS1
Dhrs4,DHRS4L2
Dhrs7,DHRS7
Dhx15,DHX15
Dhx16,DHX16
Dhx30,DHX30
Dhx40,DHX40
Dhx57,DHX57
Dhx58,DHX58
Diaph2,DIAPH2
Dip2b,DIP2B
Dipk1a,DIPK1A
Dipk2a,DIPK2A
Dis3,DIS3
Disp1,DISP1
Dkc1,DKC1
Dlat,DLAT
Dld,DLD
Dlg3,DLG3
Dlgap4,DLGAP4
Dlst,DLST
Dmac2,DMAC2
Dna2,DNA2
Dnaaf10,DNAAF10
Dnaaf2,DNAAF2
Dnaaf4,DNAAF4
Dnai4,DNAI4
Dnaja1,DNAJA1
Dnaja2,DNAJA2
Dnaja3,DNAJA3
Dnajb1,DNAJB1
Dnajb11,DNAJB11
Dnajb12,DNAJB12
Dnajb14,DNAJB14
Dnajb4,DNAJB4
Dnajb5,DNAJB5
Dnajb6,DNAJB6
Dnajb9,DNAJB9
Dnajc1,DNAJC1
Dnajc10,DNAJC10
Dnajc13,DNAJC13
Dnajc15,DNAJC15
Dnajc16,DNAJC16
Dnajc18,DNAJC18
Dnajc2,DNAJC2
Dnajc21,DNAJC21
Dnajc3,DNAJC3
Dnajc7,DNAJC7
Dnajc8,DNAJC8
Dnase1l1,DNASE1L1
Dnlz,DNLZ
Dnm2,DNM2
Dnmt3a,DNMT3A
Dnpep,DNPEP
Dnttip1,DNTTIP1
Dock10,DOCK10
Dock11,DOCK11
Dock2,DOCK2
Dock8,DOCK8
Dock9,DOCK9
Dok1,DOK1
Dok2,DOK2
Dop1b,DOP1B
Dot1l,DOT1L
Dpf2,DPF2
Dph3,DPH3
Dph5,DPH5
Dph6,DPH6
Dpm1,DPM1
Dpp4,DPP4
Dpy19l1,DPY19L1
Dpy19l3,DPY19L3
Dpy19l4,DPY19L4
Dpy30,DPY30
Dpysl2,DPYSL2
Dr1,DR1
Dram2,DRAM2
Drap1,DRAP1
Drg2,DRG2
Dsn1,DSN1
Dtd1,DTD1
Dtl,DTL
Dtnb,
Dtnbp1,DTNBP1
Dtwd1,DTWD1
Dtx3,DTX3
Dtx3l,DTX3L
Dusp1,DUSP1
Dusp10,DUSP10
Dusp11,DUSP11
Dusp2,DUSP2
Dusp4,DUSP4
Dusp5,DUSP5
Dusp7,DUSP7
Dut,DUT
Dvl1,DVL1
Dvl2,DVL2
Dym,DYM
Dync1li2,DYNC1LI2
Dynll1,DYNLL1
Dynll2,DYNLL2
Dynlrb1,DYNLRB1
Dynlt1f,DYNLT1
Dynlt3,DYNLT3
Dyrk1a,DYRK1A
Dyrk1b,DYRK1B
Dyrk2,DYRK2
Dzip1,DZIP1
Dzip3,DZIP3
E2f1,E2F1
E2f2,E2F2
E2f3,E2F3
E2f4,E2F4
E2f6,E2F6
E4f1,E4F1
Eaf1,EAF1
Eapp,EAPP
Ebag9,EBAG9
Ebna1bp2,EBNA1BP2
Ece1,ECE1
Ech1,ECH1
Echdc1,ECHDC1
Eci1,ECI1
Eci2,ECI2
Ecm1,ECM1
Ecpas,ECPAS
Ecsit,ECSIT
Edem1,EDEM1
Edem2,EDEM2
Edem3,EDEM3
Edf1,EDF1
Eea1,EEA1
Eed,EED
Eef1a1,EEF1A1
Eef1akmt1,EEF1AKMT1
Eef1akmt2,EEF1AKMT2
Eef1akmt4,EEF1AKMT4
Eef1b2,EEF1B2
Eef1e1,EEF1E1
Eef1g,EEF1G
Eef2,EEF2
Eef2k,EEF2K
Eef2kmt,FAM86B1
Eefsec,EEFSEC
Eeig1,EEIG1
Efcab11,EFCAB11
Efhd2,EFHD2
Efl1,EFL1
Efr3a,EFR3A
Egln1,EGLN1
Egln2,EGLN2
Egr1,EGR1
Ehbp1l1,EHBP1L1
Ehd1,EHD1
Ehd3,EHD3
Ehd4,EHD4
Ehmt2,EHMT2
Ei24,EI24
Eid1,EID1
Eif1a,EIF1AX
Eif1ax,EIF1AX
Eif1b,EIF1B
Eif2a,EIF2A
Eif2ak1,EIF2AK1
Eif2ak2,EIF2AK2
Eif2ak3,EIF2AK3
Eif2ak4,EIF2AK4
Eif2b1,EIF2B1
Eif2b2,EIF2B2
Eif2b4,EIF2B4
Eif2b5,EIF2B5
Eif2s1,EIF2S1
Eif2s2,EIF2S2
Eif2s3x,EIF2S3B
Eif3c,EIF3C
Eif3d,EIF3D
Eif3e,EIF3E
Eif3g,EIF3G
Eif3h,EIF3H
Eif3i,EIF3I
Eif3k,EIF3K
Eif3l,EIF3L
Eif4a1,EIF4A1
Eif4a2,EIF4A2
Eif4a3,EIF4A3
Eif4b,EIF4B
Eif4e,EIF4E
Eif4e2,EIF4E2
Eif4e3,EIF4E3
Eif4ebp2,EIF4EBP2
Eif4g2,EIF4G2
Eif5,EIF5
Eif5a,EIF5A
Eif5b,EIF5B
Eipr1,EIPR1
Elavl1,ELAVL1
Elf1,ELF1
Elf2,ELF2
Elf4,ELF4
Elk1,ELK1
Elk3,ELK3
Elk4,ELK4
Elmo1,ELMO1
Elmo2,ELMO2
Elmod3,ELMOD3
Eloa,ELOA
Elob,ELOB
Eloc,ELOC
Elovl1,ELOVL1
Elovl5,ELOVL5
Elovl6,ELOVL6
Elp4,ELP4
Elp5,ELP5
Emb,EMB
Emc3,EMC3
Emc6,EMC6
Emc8,EMC8
Emc9,EMC9
Emd,EMD
Eml3,EML3
Eml4,EML4
Emp3,EMP3
Enc1,ENC1
Endod1,ENDOD1
Endov,ENDOV
Enkd1,ENKD1
Enoph1,ENOPH1
Enox2,ENOX2
Ensa,ENSA
Entr1,ENTR1
Entrep3,ENTREP3
Ep300,EP300
Ep400,EP400
Epb41,EPB41
Epb41l2,EPB41L2
Epc1,EPC1
Epc2,EPC2
Ephb6,EPHB6
Ephx1,EPHX1
Epn1,EPN1
Eprs,
Eps15,EPS15
Eps8l1,EPS8L1
Epsti1,EPSTI1
Erap1,ERAP1
Erbin,ERBIN
Ercc6,ERCC6
Ercc6l2,
Erf,ERF
Erg28,ERG28
Ergic1,ERGIC1
Ergic3,ERGIC3
Erich1,ERICH1
Erlec1,ERLEC1
Ero1a,ERO1A
Erp27,ERP27
Erp44,ERP44
Esyt1,ESYT1
Esyt2,ESYT2
Etfa,ETFA
Etfb,ETFB
Etfbkmt,ETFBKMT
Etfdh,ETFDH
Etfrf1,ETFRF1
Ethe1,ETHE1
Etnk1,ETNK1
Ets1,ETS1
Etv3,ETV3
Etv6,ETV6
Evi2a,EVI2A
Evi2b,EVI2B
Evl,EVL
Exo5,EXO5
Exoc1,EXOC1
Exoc2,EXOC2
Exoc3,EXOC3
Exoc4,EXOC4
Exoc5,EXOC5
Exoc6,EXOC6
Exoc6b,EXOC6B
Exog,EXOG
Exosc2,EXOSC2
Exosc3,EXOSC3
Exosc5,EXOSC5
Exosc7,EXOSC7
Exosc8,EXOSC8
Ext1,EXT1
Eya2,EYA2
Eya3,EYA3
Ezh1,EZH1
Ezh2,EZH2
Ezr,EZR
F2r,F2R
F2rl1,F2RL1
Faah,FAAH
Faap20,FAAP20
Faap24,FAAP24
Fabp5,FABP5
Fadd,FADD
Fads1,FADS1
Fam107b,FAM107B
Fam111a,FAM111A
Fam114a2,FAM114A2
Fam117a,FAM117A
Fam117b,FAM117B
Fam118a,FAM118A
Fam118b,FAM118B
Fam120a,FAM120A
Fam120b,FAM120B
Fam124b,FAM124B
Fam133b,FAM133B
Fam136a,FAM136A
Fam168a,FAM168A
Fam168b,FAM168B
Fam169b,
Fam193a,FAM193A
Fam193b,FAM193B
Fam199x,FAM199X
Fam207a,
Fam20b,FAM20B
Fam210a,FAM210A
Fam216a,FAM216A
Fam221a,FAM221A
Fam222b,FAM222B
Fam32a,
Fam3a,FAM3A
Fam3c,FAM3C
Fam53a,FAM53A
Fam53b,FAM53B
Fam53c,FAM53C
Fam76b,FAM76B
Fam78a,FAM78A
Fam83d,FAM83D
Fam8a1,FAM8A1
Fam98c,FAM98C
Fanca,FANCA
Fancc,FANCC
Fancf,FANCF
Fanci,FANCI
Far1,FAR1
Farp1,FARP1
Fars2,FARS2
Farsb,FARSB
Fas,FAS
Fasn,FASN
Fastkd3,FASTKD3
Fau,FAU
Fbh1,FBH1
Fbrs,FBRS
Fbxl12,FBXL12
Fbxl19,FBXL19
Fbxl20,FBXL20
Fbxl22,FBXL22
Fbxl3,FBXL3
Fbxl5,FBXL5
Fbxl8,FBXL8
Fbxo11,FBXO11
Fbxo21,FBXO21
Fbxo25,FBXO25
Fbxo3,FBXO3
Fbxo31,FBXO31
Fbxo32,FBXO32
Fbxo33,FBXO33
Fbxo34,FBXO34
Fbxo38,FBXO38
Fbxo45,FBXO45
Fbxo6,FBXO6
Fbxo8,FBXO8
Fbxw2,FBXW2
Fbxw7,FBXW7
Fcho1,FCHO1
Fcho2,FCHO2
Fchsd1,FCHSD1
Fchsd2,FCHSD2
Fdft1,FDFT1
Fdps,FDPS
Fdx1,FDX1
Fdx2,FDX2
Fdxr,
Fem1a,FEM1A
Fem1b,FEM1B
Fen1,FEN1
Fermt3,FERMT3
Fez2,FEZ2
Fgd3,FGD3
Fh1,FH
Fhip2a,FHIP2A
Fhod1,FHOD1
Fignl1,FIGNL1
Filip1l,FILIP1L
Fis1,FIS1
Fkbp15,FKBP15
Fkbp1a,FKBP1C
Fkbp2,FKBP2
Fkbp4,FKBP4
Fkbp5,FKBP5
Fkbpl,FKBPL
Flad1,FLAD1
Flcn,FLCN
Fli1,FLI1
Flna,FLNA
Flnb,FLNB
Flot1,FLOT1
Flot2,FLOT2
Flt3l,FLT3LG
Flvcr1,FLVCR1
Flywch1,FLYWCH1
Fmc1,FMC1
Fmnl1,FMNL1
Fmnl3,FMNL3
Fmo5,FMO5
Fn3krp,FN3KRP
Fnbp1,FNBP1
Fnbp4,FNBP4
Fnip1,FNIP1
Foxj2,FOXJ2
Foxj3,FOXJ3
Foxk1,FOXK1
Foxk2,FOXK2
Foxn2,FOXN2
Foxn3,FOXN3
Foxo1,FOXO1
Foxo3,FOXO3
Foxo4,FOXO4
Foxp1,FOXP1
Foxp3,FOXP3
Foxp4,FOXP4
Foxred1,FOXRED1
Frat1,FRAT1
Frat2,FRAT2
Frg1,FRG1
Frmd6,FRMD6
Frmd8,FRMD8
Frs2,FRS2
Fry,FRY
Fryl,FRYL
Fth1,
Ftsj1,FTSJ1
Fubp1,FUBP1
Fuca1,FUCA1
Fuca2,FUCA2
Fundc1,FUNDC1
Fundc2,FUNDC2
Furin,FURIN
Fut7,FUT7
Fut8,FUT8
Fuz,FUZ
Fxr1,FXR1
Fxr2,FXR2
Fxyd5,
Fyb,
Fyco1,FYCO1
Fyn,FYN
Fyttd1,FYTTD1
Fzr1,FZR1
G3bp1,G3BP1
G3bp2,G3BP2
G6pdx,G6PD
Gab3,GAB3
Gabarap,GABARAP
Gabarapl1,GABARAPL1
Gabarapl2,GABARAPL2
Gabpb1,GABPB1
Gadd45b,GADD45B
Gadd45g,GADD45G
Galk2,GALK2
Galns,GALNS
Galnt1,GALNT1
Galnt10,GALNT10
Galnt11,GALNT11
Galnt12,GALNT12
Galnt2,GALNT2
Galnt4,GALNT4
Galnt6,GALNT6
Galnt7,GALNT7
Galnt9,GALNT9
Galt,GALT
Gan,GAN
Ganc,GANC
Gapvd1,GAPVD1
Gar1,GAR1
Gart,GART
Gata3,GATA3
Gatad2a,GATAD2A
Gatad2b,GATAD2B
Gatd1,GATD1
Gba,
Gbe1,GBE1
Gbf1,GBF1
Gbp2,GBP2
Gbp3,GBP4
Gbp4,GBP6
Gbp5,GBP5
Gbp6,GBP6
Gbp7,GBP4
Gbp8,GBP6
Gbp9,GBP6
Gcc1,GCC1
Gcc2,GCC2
Gch1,GCH1
Gclc,GCLC
Gclm,GCLM
Gcn1,GCN1
Gcsh,GCSH
Gdap2,GDAP2
Gdi2,GDI2
Gemin5,GEMIN5
Gemin6,GEMIN6
Gemin7,GEMIN7
Gemin8,GEMIN8
Gfer,GFER
Gfi1,GFI1
Gfpt1,GFPT1
Ggact,GGACT
Ggct,GGCT
Ggps1,GGPS1
Ggta1,
Ghitm,GHITM
Gid4,GID4
Gid8,GID8
Gigyf1,GIGYF1
Gimap1,GIMAP1
Gimap3,GIMAP5
Gimap4,GIMAP4
Gimap5,GIMAP5
Gimap6,GIMAP6
Gimap7,GIMAP7
Gimap8,GIMAP8
Gimap9,
Gin1,GIN1
Gins1,GINS1
Gins2,GINS2
Git1,GIT1
Git2,GIT2
Gla,GLA
Glcci1,GLCCI1
Glg1,GLG1
Glipr1,GLIPR1
Glipr2,GLIPR2
Glmn,GLMN
Glmp,GLMP
Glo1,GLO1
Glod4,GEMIN4
Glrx,GLRX
Glrx2,GLRX2
Glt8d1,GLT8D1
Gltp,GLTP
Glud1,GLUD1
Glul,GLUL
Glyr1,GLYR1
Gm2a,GM2A
Gmds,GMDS
Gmeb2,GMEB2
Gmfb,GMFB
Gmfg,GMFG
Gmppb,GMPPB
Gna12,GNA12
Gna13,GNA13
Gnai2,GNAI2
Gnai3,GNAI3
Gnas,GNAS
Gnb1,GNB1
Gng10,GNG10
Gng2,GNG2
Gngt2,GNGT2
Gnl1,GNL1
Gnl2,GNL2
Gnl3,GNL3
Gnpda1,GNPDA1
Gnpda2,GNPDA2
Gnptg,GNPTG
Gns,GNS
Golga2,GOLGA8S
Golgb1,GOLGB1
Golim4,GOLIM4
Golm1,GOLM1
Golph3,GOLPH3
Golph3l,GOLPH3L
Gosr1,GOSR1
Gosr2,GOSR2
Got2,GOT2
Gpalpp1,
Gpank1,GPANK1
Gpat4,GPAT4
Gpbp1,GPBP1
Gpbp1l1,GPBP1L1
Gpcpd1,GPCPD1
Gpd1l,GPD1L
Gpi1,GPI
Gpn1,GPN1
Gpn3,GPN3
Gpr107,GPR107
Gpr108,GPR108
Gpr132,
Gpr146,GPR146
Gpr171,GPR171
Gpr174,GPR174
Gpr18,GPR18
Gpr183,GPR183
Gpr21,GPR21
Gpr34,GPR34
Gpr55,GPR55
Gpr65,GPR65
Gpr68,GPR68
Gprc5b,GPRC5B
Gprin3,GPRIN3
Gps1,GPS1
Gps2,GPS2
Gpsm3,GPSM3
Gpt,GPT
Gramd1a,GRAMD1A
Gramd1b,GRAMD1B
Gramd3,
Gramd4,GRAMD4
Grap,GRAP
Grap2,GRAP2
Grb2,GRB2
Grcc10,C12orf57
Grhpr,GRHPR
Grik5,GRIK5
Grina,GRINA
Grk2,GRK2
Grk4,GRK4
Grk5,GRK5
Grk6,GRK6
Grn,GRN
Grpel1,GRPEL1
Grpel2,GRPEL2
Gsap,GSAP
Gsdmd,GSDMD
Gse1,GSE1
Gsk3b,GSK3B
Gsn,GSN
Gspt1,GSPT1
Gsr,GSR
Gstcd,GSTCD
Gsto1,GSTO1
Gstp1,GSTP1
Gstp3,
Gstt2,GSTT2B
Gtf2a2,GTF2A2
Gtf2b,GTF2B
Gtf2e2,GTF2E2
Gtf2f1,GTF2F1
Gtf2f2,GTF2F2
Gtf2h2,GTF2H2C
Gtf2i,GTF2I
Gtf3a,GTF3A
Gtf3c1,GTF3C1
Gtf3c5,GTF3C5
Gtf3c6,GTF3C6
Gtpbp1,GTPBP1
Gtpbp2,GTPBP2
Gtpbp4,GTPBP4
Gtpbp6,GTPBP6
Gtpbp8,GTPBP8
Gtse1,GTSE1
Gucd1,GUCD1
Guk1,GUK1
Gusb,GUSB
Gvin1,
Gypc,GYPC
Gzf1,GZF1
H13,HM13
H1f0,H1-0
H1f4,H1-4
H1f5,H1-5
H2-D1,
H2-DMa,HLA-DMA
H2-K1,
H2-M3,
H2-Oa,HLA-DOA
H2-Q4,
H2-Q6,
H2-Q7,
H2-T23,
H2-T24,
H2ac24,
H2ac25,H2AC25
H2ac6,H2AC8
H2ac8,H2AC8
H2aj,H2AJ
H2az1,H2AZ1
H2az2,H2AZ2
H2bc21,H2BC11
H3f3b,
Hacd3,HACD3
Hacl1,HACL1
Hadh,HADH
Hadhb,HADHB
Harbi1,HARBI1
Haspin,HASPIN
Hat1,HAT1
Haus3,HAUS3
Haus7,HAUS7
Hax1,HAX1
Hbp1,HBP1
Hbs1l,HBS1L
Hcst,HCST
Hdac1,HDAC1
Hdac2,HDAC2
Hdac4,HDAC4
Hdac5,HDAC5
Hdac6,HDAC6
Hdac7,HDAC7
Hdac8,HDAC8
Hddc2,HDDC2
Hdgf,HDGF
Hdgfl2,HDGFL2
Hdgfl3,HDGFL3
Hdhd5,HDHD5
Hdlbp,HDLBP
Heatr1,HEATR1
Heatr5a,HEATR5A
Heca,HECA
Hectd2,HECTD2
Hectd4,HECTD4
Heg1,HEG1
Helb,HELB
Hells,HELLS
Helq,HELQ
Helz,HELZ
Helz2,HELZ2
Hemk1,HEMK1
Herc1,HERC1
Herc3,HERC3
Herc4,HERC4
Herc6,HERC6
Herpud1,HERPUD1
Herpud2,HERPUD2
Hexb,HEXB
Hexim2,HEXIM2
Hgsnat,HGSNAT
Hibch,HIBCH
Hid1,HID1
Hif1a,HIF1A
Hif1an,HIF1AN
Higd1a,HIGD1A
Hint1,HINT1
Hint2,HINT2
Hint3,HINT3
Hip1r,HIP1R
Hipk1,HIPK1
Hipk2,HIPK2
Hipk3,HIPK3
Hirip3,HIRIP3
Hivep1,HIVEP1
Hivep2,HIVEP2
Hivep3,HIVEP3
Hjurp,HJURP
Hk1,HK1
Hltf,HLTF
Hmbox1,HMBOX1
Hmbs,HMBS
Hmces,HMCES
Hmg20a,HMG20A
Hmg20b,HMG20B
Hmgb3,
Hmgcl,HMGCL
Hmgcr,HMGCR
Hmgcs1,HMGCS1
Hmgn1,HMGN1
Hmgn5,HMGN5
Hmgxb3,HMGXB3
Hmox2,HMOX2
Hnrnpa1,HNRNPA1
Hnrnpa2b1,HNRNPA2B1
Hnrnpab,HNRNPAB
Hnrnpc,HNRNPCL4
Hnrnpd,HNRNPD
Hnrnpf,HNRNPF
Hnrnph2,HNRNPH2
Hnrnpk,HNRNPK
Hnrnpl,HNRNPL
Hnrnpll,HNRNPLL
Hnrnpr,HNRNPR
Hnrnpu,HNRNPU
Hnrnpul1,HNRNPUL1
Homer1,HOMER1
Homer3,HOMER3
Homez,HOMEZ
Hook2,HOOK2
Hp1bp3,HP1BP3
Hpcal1,HPCAL1
Hpf1,HPF1
Hpgds,HPGDS
Hps1,HPS1
Hps3,HPS3
Hps5,HPS5
Hras,HRAS
Hs1bp3,HS1BP3
Hs3st3b1,HS3ST3B1
Hs6st1,HS6ST1
Hscb,HSCB
Hsd11b1,HSD11B1
Hsd17b10,HSD17B10
Hsd17b11,HSD17B11
Hsd17b4,HSD17B4
Hsdl1,HSDL1
Hsdl2,HSDL2
Hsf1,HSF1
Hsf2,HSF2
Hsh2d,HSH2D
Hsp90ab1,HSP90AB1
Hsp90b1,HSP90B1
Hspa14,HSPA14
Hspa4l,HSPA4L
Hspa5,HSPA5
Hspa8,
Hspa9,HSPA9
Hspbap1,HSPBAP1
Hspbp1,HSPBP1
Hspd1,HSPD1
Hsph1,HSPH1
Htatip2,HTATIP2
Htra2,HTRA2
Htt,HTT
Hus1,HUS1
Huwe1,HUWE1
Hvcn1,HVCN1
Hycc1,HYCC1
Hyls1,HYLS1
Iah1,IAH1
Iars2,IARS2
Ibtk,IBTK
Icam1,ICAM1
Icam2,ICAM2
Ice1,ICE1
Ice2,ICE2
Icmt,ICMT
Icos,ICOS
Id2,ID2
Id3,ID3
Idh2,IDH2
Idh3b,IDH3B
Idh3g,
Idi1,IDI1
Idnk,IDNK
Ids,IDS
Idua,IDUA
Ier2,IER2
Ier3ip1,IER3IP1
Ier5,IER5
Iffo1,IFFO1
Iffo2,IFFO2
Ifi203,IFI16
Ifi206,IFI16
Ifi208,IFI16
Ifi209,IFI16
Ifi214,IFI16
Ifi27,
Ifi27l2a,
Ifi30,IFI30
Ifi35,IFI35
Ifi47,
Ifih1,IFIH1
Ifit2,IFIT2
Ifit3,IFIT3
Ifitm2,IFITM3
Ifnar1,IFNAR1
Ifnar2,IFNAR2
Ifngr1,IFNGR1
Ifngr2,IFNGR2
Ifrd1,IFRD1
Ift122,IFT122
Ift140,IFT140
Ift172,IFT172
Ift22,IFT22
Ift46,IFT46
Ift52,IFT52
Ift57,IFT57
Ift74,IFT74
Ift80,IFT80
Igbp1,IGBP1C
Igf1r,IGF1R
Igf2r,IGF2R
Igfbp4,IGFBP4
Igflr1,IGFLR1
Ighd,
Ighm,IGHM
Igip,IGIP
Igsf23,IGSF23
Igsf8,IGSF8
Igtp,IRGM
Iigp1,
Ikbke,IKBKE
Ikbkg,IKBKG
Ikzf1,IKZF1
Ikzf2,IKZF2
Ikzf3,IKZF3
Ikzf4,IKZF4
Ikzf5,IKZF5
Il10ra,IL10RA
Il10rb,IL10RB
Il12rb1,IL12RB1
Il16,IL16
Il17ra,IL17RA
Il18r1,IL18R1
Il21r,IL21R
Il27ra,IL27RA
Il2ra,IL2RA
Il2rb,IL2RB
Il2rg,IL2RG
Il3ra,
Il4ra,IL4R
Il6ra,IL6R
Il6st,IL6ST
Il7r,IL7R
Ilf3,ILF3
Ilk,ILK
Ilrun,ILRUN
Ilvbl,HACL2
Impa1,IMPA1
Impa2,IMPA2
Impact,IMPACT
Impdh1,IMPDH1
Impdh2,IMPDH2
Inf2,INF2
Ing2,ING2
Ing4,ING4
Ing5,ING5
Ino80b,INO80B
Ino80c,INO80C
Ino80d,INO80D
Inpp1,INPP1
Inpp4a,INPP4A
Inpp4b,INPP4B
Inpp5b,INPP5B
Inpp5d,INPP5D
Inpp5f,INPP5F
Inpp5k,INPP5K
Insig1,INSIG1
Insig2,INSIG2
Insl6,INSL6
Insr,INSR
Ints11,INTS11
Ints12,INTS12
Ints3,INTS3
Ints6,INTS6
Ints6l,INTS6L
Ints9,INTS9
Ip6k1,IP6K1
Ip6k2,IP6K2
Ipcef1,IPCEF1
Ipo5,IPO5
Ipo9,IPO9
Ippk,IPPK
Iqcc,IQCC
Iqce,
Iqgap1,IQGAP1
Iqgap2,IQGAP2
Iqgap3,IQGAP3
Iqsec1,IQSEC1
Irag2,IRAG2
Irak1,IRAK1
Irak2,IRAK2
Irak4,IRAK4
Irf1,IRF1
Irf2,IRF2
Irf2bp2,IRF2BP2
Irf2bpl,IRF2BPL
Irf5,IRF5
Irf6,IRF6
Irf7,IRF7
Irf8,IRF8
Irf9,IRF9
Irgm1,IRGM
Irgm2,IRGM
Irgq,IRGQ
Irs2,IRS2
Iscu,ISCU
Isg15,ISG15
Isg20,ISG20
Isoc1,ISOC1
Isoc2b,ISOC2
Ist1,IST1
Isyna1,ISYNA1
Itfg2,ITFG2
Itga4,ITGA4
Itga6,ITGA6
Itgal,ITGAL
Itgb1,ITGB1
Itgb2,ITGB2
Itgb3,ITGB3
Itgb3bp,ITGB3BP
Itgb7,ITGB7
Itk,ITK
Itm2a,ITM2A
Itm2b,ITM2B
Itm2c,ITM2C
Itpa,ITPA
Itpk1,ITPK1
Itpkb,ITPKB
Itpr1,ITPR1
Itpr2,ITPR2
Itpr3,ITPR3
Itprid2,ITPRID2
Itpripl1,ITPRIPL1
Itsn2,ITSN2
Ivd,IVD
Ivns1abp,IVNS1ABP
Izumo1r,IZUMO1R
Izumo4,IZUMO4
Jade1,JADE1
Jade2,JADE2
Jak1,JAK1
Jak2,JAK2
Jak3,JAK3
Jaml,
Jarid2,JARID2
Jmjd1c,JMJD1C
Jmjd6,JMJD6
Jmy,JMY
Josd1,JOSD1
Jpt1,JPT1
Jpt2,JPT2
Jtb,JTB
Jun,JUN
Junb,JUNB
Jund,JUND
Kansl1,KANSL1
Kansl1l,KANSL1L
Kars,
Kat2a,KAT2A
Kat2b,KAT2B
Kat6a,KAT6A
Kat6b,KAT6B
Kat8,KAT8
Katna1,KATNA1
Kbtbd11,KBTBD11
Kbtbd2,KBTBD2
Kcna3,KCNA3
Kcnab2,KCNAB2
Kcnh2,KCNH2
Kcnip2,KCNIP2
Kcnmb4,KCNMB4
Kcnn4,KCNN4
Kctd10,KCTD10
Kctd18,KCTD18
Kctd2,KCTD2
Kctd6,KCTD6
Kctd9,KCTD9
Kdelr1,KDELR1
Kdm1b,KDM1B
Kdm2a,KDM2A
Kdm2b,KDM2B
Kdm3a,KDM3A
Kdm3b,KDM3B
Kdm4a,KDM4A
Kdm4b,KDM4B
Kdm5a,KDM5A
Kdm5b,KDM5B
Kdm5c,
Kdm6a,KDM6A
Kdm6b,KDM6B
Kdm7a,KDM7A
Kdm8,KDM8
Kdsr,KDSR
Keap1,KEAP1
Khdrbs1,KHDRBS1
Khk,KHK
Khnyn,KHNYN
Khsrp,KHSRP
Kidins220,KIDINS220
Kif13b,KIF13B
Kif14,KIF14
Kif1b,KIF1B
Kif1c,KIF1C
Kif21b,KIF21B
Kif22,KIF22
Kif2a,KIF2A
Kif2c,KIF2C
Kif3a,KIF3A
Kif3b,KIF3B
Kif3c,KIF3C
Kif5b,KIF5B
Kifbp,KIFBP
Kiz,KIZ
Klc1,KLC1
Klc3,KLC3
Klc4,KLC4
Klf10,KLF10
Klf13,KLF13
Klf16,KLF16
Klf2,KLF2
Klf3,KLF3
Klf6,KLF6
Klf7,KLF7
Klhdc1,KLHDC1
Klhdc2,KLHDC2
Klhl2,KLHL2
Klhl24,KLHL24
Klhl28,KLHL28
Klhl3,KLHL3
Klhl42,KLHL42
Klhl5,KLHL5
Klhl6,KLHL6
Klhl9,KLHL9
Kmt2a,KMT2A
Kmt2d,KMT2D
Kmt2e,KMT2E
Kmt5b,KMT5B
Kmt5c,KMT5C
Kpna1,KPNA1
Kpna3,KPNA3
Kras,KRAS
Krba1,KRABD3
Krcc1,KRCC1
Kri1,KRI1
Krit1,KRIT1
Krtcap2,KRTCAP2
Krtcap3,KRTCAP3
Ksr1,KSR1
Ktn1,KTN1
Kxd1,KXD1
L1cam,L1CAM
L3mbtl2,L3MBTL2
L3mbtl3,L3MBTL3
LTO1,LTO1
Lactb,LACTB
Lactb2,LACTB2
Lad1,LAD1
Lamp2,LAMP2
Lamtor3,LAMTOR3
Lamtor4,
Lancl1,LANCL1
Lap3,LAP3
Laptm4a,LAPTM4A
Laptm5,LAPTM5
Larp1,LARP1
Larp1b,LARP1B
Larp4,LARP4
Lars,
Lasp1,LASP1
Lat,LAT
Lats2,LATS2
Lax1,LAX1
Lbh,LBH
Lbr,LBR
Lca5,LCA5
Lck,LCK
Lclat1,LCLAT1
Lcp1,LCP1
Lcp2,LCP2
Ldb1,LDB1
Ldha,LDHA
Ldhb,LDHB
Ldlr,LDLR
Ldlrad4,LDLRAD4
Ldlrap1,LDLRAP1
Lef1,LEF1
Leng8,LENG8
Leo1,LEO1
Leprot,LEPROT
Leprotl1,LEPROTL1
Letm1,LETM1
Letm2,LETM2
Letmd1,LETMD1
Lfng,LFNG
Lgals1,LGALS1
Lgals3,LGALS3
Lgals3bp,LGALS3BP
Lgals4,LGALS4
Lgals8,LGALS8
Lgals9,LGALS13
Lig1,LIG1
Lig3,LIG3
Limd1,LIMD1
Limd2,LIMD2
Limk1,LIMK1
Limk2,LIMK2
Lims1,LIMS4
Lin37,LIN37
Lin54,LIN54
Lipa,LIPA
Lipe,LIPE
Lipo3,
Litaf,LITAF
Llgl1,LLGL1
Lman2,LMAN2
Lmbr1l,LMBR1L
Lmbrd1,LMBRD1
Lmbrd2,LMBRD2
Lmna,LMNA
Lmo4,LMO4
Lmtk2,LMTK2
Lnpep,LNPEP
Lnpk,LNPK
Lnx2,LNX2
Lonp1,LONP1
Lonp2,LONP2
Lpar6,LPAR6
Lpcat1,LPCAT1
Lpcat3,LPCAT3
Lpgat1,LPGAT1
Lpin1,LPIN1
Lpin2,LPIN2
Lpp,LPP
Lpxn,LPXN
Lrch1,LRCH1
Lrch3,LRCH3
Lrif1,LRIF1
Lrig1,LRIG1
Lrp10,LRP10
Lrpprc,LRPPRC
Lrrc1,LRRC1
Lrrc20,LRRC20
Lrrc28,LRRC28
Lrrc41,LRRC41
Lrrc42,LRRC42
Lrrc45,LRRC45
Lrrc57,LRRC57
Lrrc59,LRRC59
Lrrc61,LRRC61
Lrrc8a,LRRC8A
Lrrc8b,LRRC8B
Lrrc8c,LRRC8C
Lrrc8d,LRRC8D
Lrrfip1,LRRFIP1
Lrrfip2,LRRFIP2
Lsm11,LSM11
Lsm12,LSM12
Lsm14b,LSM14B
Lsm2,LSM2
Lsm3,LSM3
Lsm4,LSM4
Lsm8,LSM8
Lsp1,LSP1
Lst1,LST1
Lta,LTA
Lta4h,LTA4H
Ltb,LTB
Luc7l,LUC7L
Luc7l2,LUC7L2
Lxn,LXN
Ly6a,LY6S
Ly6e,LY6E
Ly75,LY75
Ly9,LY9
Ly96,LY96
Lyar,LYAR
Lypd6b,LYPD6B
Lypla1,LYPLA1
Lypla2,LYPLA2
Lyrm2,LYRM2
Lyrm4,LYRM4
Lyrm7,LYRM7
Lysmd3,LYSMD3
Lysmd4,LYSMD4
Lyst,LYST
Lzic,LZIC
Lztfl1,LZTFL1
Lzts2,LZTS2
M6pr,M6PR
Macf1,MACF1
Macroh2a1,MACROH2A1
Mad2l1bp,MAD2L1BP
Mad2l2,MAD2L2
Madd,MADD
Maf1,MAF1
Mafg,MAFG
Mafk,MAFK
Maged2,MAGED2
Magi3,MAGI3
Magoh,MAGOH
Mak16,MAK16
Malt1,MALT1
Maml2,MAML2
Man1a,MAN1A1
Man1b1,MAN1B1
Man2a1,MAN2A1
Man2b1,MAN2B1
Man2b2,MAN2B2
Manba,MANBA
Manea,MANEA
Manf,MANF
Map1lc3a,MAP1LC3A
Map1lc3b,MAP1LC3B2
Map1s,MAP1S
Map2k1,MAP2K1
Map2k2,MAP2K2
Map2k4,MAP2K4
Map2k6,MAP2K6
Map2k7,MAP2K7
Map3k1,MAP3K1
Map3k12,MAP3K12
Map3k14,MAP3K14
Map3k2,MAP3K2
Map3k3,MAP3K3
Map3k5,MAP3K5
Map3k7,MAP3K7
Map3k8,MAP3K8
Map4,MAP4
Map4k1,MAP4K1
Map4k2,MAP4K2
Map4k4,MAP4K4
Map7d1,MAP7D1
Mapk11,MAPK11
Mapk14,MAPK14
Mapk1ip1,MAPK1IP1L
Mapk1ip1l,MAPK1IP1L
Mapk3,MAPK3
Mapk6,MAPK6
Mapk7,MAPK7
Mapk9,MAPK9
Mapkapk2,MAPKAPK2
Mapkapk3,MAPKAPK3
Mapre1,MAPRE1
Mapre2,MAPRE2
Mapre3,MAPRE3
Marchf5,MARCHF5
Marchf6,MARCHF6
Marchf7,MARCHF7
Marcksl1,MARCKSL1
Marf1,MARF1
Mark2,MARK2
Mark3,MARK3
Mark4,MARK4
Mast3,MAST3
Mast4,MAST4
Mat2a,MAT2A
Mat2b,MAT2B
Matr3,MATR3
Mau2,MAU2
Max,MAX
Mbd1,MBD1
Mbd2,MBD2
Mbd3,MBD3
Mbnl1,MBNL1
Mbnl2,MBNL2
Mbnl3,MBNL3
Mboat1,MBOAT1
Mboat7,MBOAT7
Mbp,MBP
Mbtd1,MBTD1
Mbtps1,MBTPS1
Mccc1,MCCC1
Mcee,MCEE
Mcl1,MCL1
Mcm2,MCM2
Mcm3,MCM3
Mcm4,MCM4
Mcm5,MCM5
Mcm6,MCM6
Mcmbp,MCMBP
Mcoln1,MCOLN1
Mcts1,MCTS1
Mcu,MCU
Mcub,MCUB
Mcur1,MCUR1
Mdfic,MDFIC
Mdh1,MDH1
Mdh2,MDH2
Mdm4,MDM4
Mdn1,MDN1
Mdp1,
Me2,ME2
Mea1,MEA1
Mecp2,MECP2
Mecr,MECR
Med1,MED1
Med11,MED11
Med12,MED12
Med13,MED13
Med13l,MED13L
Med14,MED14
Med20,MED20
Med22,MED22
Med24,MED24
Med27,MED27
Med28,MED28
Med29,MED29
Med30,MED30
Mef2d,MEF2D
Meis3,MEIS3P2
Melk,MELK
Memo1,MEMO1
Mepce,MEPCE
Metap2,METAP2
Metrn,METRN
Mettl6,METTL6
Mettl8,METTL8
Mettl9,METTL9
Mex3b,MEX3B
Mex3c,MEX3C
Mex3d,MEX3D
Mfap1b,MFAP1
Mfap3,MFAP3
Mff,MFF
Mfhas1,MFHAS1
Mfn2,MFN2
Mfng,MFNG
Mfsd1,MFSD1
Mfsd11,MFSD11
Mfsd14a,SLC71A1
Mfsd5,SLC61A1
Mfsd6,MFSD6
Mgat1,MGAT1
Mgat2,MGAT2
Mgat4a,MGAT4A
Mgat5,MGAT5
Mgrn1,MGRN1
Mgst2,MGST2
Mgst3,MGST3
Mia2,CTAGE1
Mib2,MIB2
Mical1,MICAL1
Mical3,MICAL3
Micall1,MICALL1
Micu1,MICU1
Micu2,MICU2
Micu3,MICU3
Mid1ip1,MID1IP1
Mideas,MIDEAS
Midn,MIDN
Mief2,MIEF2
Mien1,MIEN1
Mier1,MIER1
Mier2,MIER2
Mier3,MIER3
Mif,MIF
Mif4gd,MIF4GD
Miip,MIIP
Milr1,MILR1
Mindy1,MINDY1
Mindy2,MINDY2
Mindy3,MINDY3
Mink1,MINK1
Minpp1,MINPP1
Mios,MIOS
Mis18bp1,MIS18BP1
Mitd1,MITD1
Mkln1,MKLN1
Mknk2,MKNK2
Mkrn1,MKRN1
Mlec,MLEC
Mlf2,MLF2
Mlh3,MLH3
Mllt1,MLLT1
Mllt3,MLLT3
Mllt6,MLLT6
Mlst8,MLST8
Mlx,MLX
Mlxip,MLXIP
Mmadhc,MMADHC
Mmd,MMD
Mmgt1,MMGT1
Mms19,MMS19
Mnat1,MNAT1
Mndal,MNDA
Mns1,MNS1
Mnt,MNT
Mob2,MOB2
Mob3a,MOB3A
Mocs1,MOCS1
Mocs2,MOCS2
Mogs,MOGS
Mon1a,MON1A
Mon1b,MON1B
Mon2,MON2
Morc3,MORC3
Morf4l2,MORF4L2
Mospd1,MOSPD1
Mov10,MOV10
Mpc1,MPC1
Mpdu1,MPDU1
Mphosph10,MPHOSPH10
Mphosph8,MPHOSPH8
Mpi,MPI
Mpp1,MPP1
Mpp2,MPP2
Mpp7,MPP7
Mppe1,MPPE1
Mpst,MPST
Mpv17,MPV17
Mpv17l2,MPV17L2
Mre11a,MRE11
Mrgbp,MRGBP
Mroh1,MROH1
Mrs2,MRS2
Mrtfa,MRTFA
Ms4a4b,
Ms4a4c,
Ms4a4d,
Ms4a6b,MS4A6E
Msh2,MSH2
Msh3,MSH3
Msh6,MSH6
Msi2,MSI2
Msl1,MSL1
Msl2,MSL2
Msl3,
Msmo1,MSMO1
Msn,MSN
Msra,MSRA
Msrb1,MSRB1
Msto1,MSTO1
Mta2,MTA2
Mta3,MTA3
Mtap,MTAP
Mtarc2,MTARC2
Mtbp,MTBP
Mtch1,MTCH1
Mtdh,MTDH
Mterf1b,MTERF1
Mterf2,MTERF2
Mterf4,MTERF4
Mtf1,MTF1
Mtfr1,MTFR1
Mtg1,MTG1
Mthfd1,MTHFD1
Mthfd1l,MTHFD1L
Mthfd2,MTHFD2
Mthfr,MTHFR
Mthfsd,MTHFSD
Mtif3,MTIF3
Mtm1,MTM1
Mtmr12,MTMR12
Mtmr14,MTMR14
Mtmr3,MTMR3
Mtmr6,MTMR6
Mtor,MTOR
Mturn,MTURN
Mus81,MUS81
Mvb12a,MVB12A
Mvb12b,MVB12B
Mvd,MVD
Mvk,MVK
Mvp,MVP
Mxd1,MXD1
Mxd4,MXD4
Mxi1,MXI1
Myb,MYB
Mybbp1a,MYBBP1A
Mybl2,MYBL2
Myc,MYC
Mycbp,MYCBP
Mycbp2,MYCBP2
Myd88,MYD88
Mydgf,MYDGF
Myh9,MYH9
Myl12a,
Myl12b,MYL12B
Myl6,MYL6
Mylip,MYLIP
Mynn,MYNN
Myo10,MYO10
Myo18a,MYO18A
Myo1c,MYO1C
Myo1g,MYO1G
Myo1h,MYO1H
Mysm1,MYSM1
Mzt1,MZT1
N4bp1,N4BP1
N4bp2,N4BP2
N4bp2l1,N4BP2L1
Naa15,NAA15
Naa16,NAA16
Naa20,NAA20
Naa30,NAA30
Naa35,NAA35
Naa38,NAA38
Naa50,NAA50
Naa60,NAA60
Naa80,NAA80
Nab1,NAB1
Nabp1,NABP1
Naca,NACA
Nacc1,NACC1
Nadk,NADK
Nadsyn1,NADSYN1
Nae1,NAE1
Naf1,NAF1
Naga,NAGA
Naglu,NAGLU
Nagpa,NAGPA
Nampt,NAMPT
Nanp,NANP
Nans,NANS
Nap1l1,NAP1L1
Nap1l4,NAP1L4
Narf,NARF
Nasp,NASP
Nat2,NAT1
Nat8f4,
Nat9,NAT9
Natd1,NATD1
Naxe,NAXE
Nbdy,NBDY
Nbeal1,NBEAL1
Nbn,NBN
Nbr1,NBR1
Ncapd2,NCAPD2
Ncbp3,NCBP3
Ncdn,NCDN
Ncf1,NCF1
Ncf4,NCF4
Nck1,NCK1
Nckap1l,NCKAP1L
Ncl,NCL
Ncln,NCLN
Ncoa2,NCOA2
Ncoa3,NCOA3
Ncoa4,NCOA4
Ncoa7,NCOA7
Ncstn,NCSTN
Ndc80,NDC80
Ndfip1,NDFIP1
Ndfip2,NDFIP2
Ndor1,NDOR1
Ndrg1,NDRG1
Ndrg3,NDRG3
Ndst1,NDST1
Ndufa10,NDUFA10
Ndufa11,NDUFA11
Ndufa4,COXFA4
Ndufa6,NDUFA6
Ndufa8,NDUFA8
Ndufaf2,NDUFAF2
Ndufb1,NDUFB1
Ndufb10,NDUFB10
Ndufb11,NDUFB11
Ndufb7,NDUFB7
Ndufb8,NDUFB8
Ndufs2,NDUFS2
Ndufs3,NDUFS3
Ndufv2,NDUFV2
Ndufv3,NDUFV3
Nebl,NEBL
Nedd1,NEDD1
Nedd4l,NEDD4L
Nedd8,NEDD8
Nedd9,NEDD9
Neil1,NEIL1
Neil3,NEIL3
Nek4,NEK4
Nek7,NEK7
Nek8,NEK8
Nek9,NEK9
Nelfe,NELFE
Nemf,NEMF
Nemp1,NEMP1
Nemp2,NEMP2
Nepro,RMP64
Neu1,NEU1
Neu3,NEU3
Neurl3,NEURL3
Nf1,NF1
Nfat5,NFAT5
Nfatc1,NFATC1
Nfatc2,NFATC2
Nfatc3,NFATC3
Nfe2l2,NFE2L2
Nfia,NFIA
Nfkb1,NFKB1
Nfkb2,NFKB2
Nfkbia,NFKBIA
Nfkbib,NFKBIB
Nfkbid,NFKBID
Nfkbie,NFKBIE
Nfkbiz,NFKBIZ
Nfrkb,NFRKB
Nfx1,NFX1
Nfxl1,NFXL1
Nfya,NFYA
Ngly1,NGLY1
Nherf1,NHERF1
Niban1,NIBAN1
Nin,NIN
Ninj1,NINJ1
Nipa2,NIPA2
Nipal1,NIPAL1
Nipal3,NIPAL3
Nipbl,NIPBL
Nisch,NISCH
Nit1,NIT1
Nit2,NIT2
Nkapd1,NKAPD1
Nlk,NLK
Nlrc3,NLRC3
Nlrc5,NLRC5
Nmb,NMB
Nmd3,NMD3
Nme1,NME1
Nme2,NME2
Nme7,NME7
Nmi,NMI
Nmral1,NMRAL1
Nmrk1,NMRK1
Nmt1,NMT1
Nmt2,NMT2
Nnt,NNT
Noa1,NOA1
Nob1,NOB1
Noc4l,NOC4L
Noct,NOCT
Nod1,NOD1
Nol11,NOL11
Nol7,NOL7
Nol8,NOL8
Nol9,NOL9
Nolc1,NOLC1
Nono,NONO
Nop10,NOP10
Nop2,NOP2
Nop53,NOP53
Nop56,NOP56
Nop58,NOP58
Nop9,NOP9
Nopchap1,NOPCHAP1
Nosip,NOSIP
Notch1,NOTCH1
Notch2,NOTCH2
Npc1,NPC1
Npc2,NPC2
Npepps,NPEPPS
Npm1,NPM1
Npm3,NPM3
Nprl3,NPRL3
Nptn,NPTN
Nqo2,NQO2
Nr1h2,NR1H2
Nr2c2,NR2C2
Nr2c2ap,NR2C2AP
Nr3c1,NR3C1
Nrarp,NRARP
Nras,NRAS
Nrde2,NRDE2
Nrip1,NRIP1
Nrm,NRM
Nrn1,NRN1
Nrp1,NRP1
Nrros,NRROS
Nsa2,NSA2
Nsd1,NSD1
Nsd3,NSD3
Nsdhl,NSDHL
Nsfl1c,NSFL1C
Nsg2,NSG2
Nsmaf,NSMAF
Nsmce1,NSMCE1
Nsmce4a,NSMCE4A
Nsun2,NSUN2
Nsun4,
Nsun6,NSUN6
Nt5c2,NT5C2
Nt5c3,NT5C3A
Nt5c3b,NT5C3B
Nt5dc1,NT5DC1
Nt5e,NT5E
Nt5m,NT5M
Ntan1,NTAN1
Nub1,NUB1
Nubp1,NUBP1
Nubp2,NUBP2
Nucb2,NUCB2
Nudcd1,NUDCD1
Nudcd2,NUDCD2
Nudt13,NUDT13
Nudt14,NUDT14
Nudt16,NUDT16
Nudt16l1,NUDT16L1
Nudt2,NUDT2
Nudt22,NUDT22
Nudt3,NUDT3
Nudt4,NUDT4B
Nudt7,NUDT7
Nudt9,NUDT9
Nuf2,NUF2
Nufip1,NUFIP1
Nufip2,NUFIP2
Numa1,NUMA1
Nup107,NUP107
Nup153,NUP153
Nup160,NUP160
Nup188,NUP188
Nup210,NUP210
Nup214,NUP214
Nup35,NUP35
Nup43,NUP43
Nup54,NUP54
Nup62,NUP62
Nup88,NUP88
Nup93,NUP93
Nup98,NUP98
Nusap1,NUSAP1
Nvl,NVL
Nxf1,NXF1
Nxn,NXN
Nxpe3,NXPE3
Nyap1,NYAP1
Oard1,OARD1
Oas1c,OAS1
Oas3,OAS3
Oaz2,OAZ2
Obi1,OBI1
Odc1,ODC1
Odr4,ODR4
Oga,OGA
Ogfod2,OGFOD2
Ogfr,OGFR
Ogt,OGT
Ola1,OLA1
Opa3,OPA3
Orai1,ORAI1
Orai2,ORAI2
Orai3,ORAI3
Orc2,ORC2
Orc4,ORC4
Orc6,ORC6
Ormdl3,ORMDL3
Os9,OS9
Osbpl5,OSBPL5
Osbpl8,OSBPL8
Osbpl9,OSBPL9
Oser1,OSER1
Osgin2,OSGIN2
Osm,OSM
Ostf1,OSTF1
Ostm1,OSTM1
Otud1,OTUD1
Otud4,OTUD4
Otud5,OTUD5
Otud7b,OTUD7B
Otulin,OTULIN
Otulinl,OTULINL
Oxa1l,OXA1L
Oxct1,OXCT1
Oxr1,OXR1
P2rx4,P2RX4
P2rx7,P2RX7
P2ry10,P2RY10
P2ry10b,
P4ha1,P4HA1
Pa2g4,PA2G4
Pabpc1,
Pabpc4,PABPC4
Pabpn1,PABPN1
Pacc1,PACC1
Pacs1,PACS1
Pacsin1,PACSIN1
Pacsin2,PACSIN2
Paf1,PAF1
Pafah1b1,PAFAH1B1
Pafah1b2,PAFAH1B2
Pafah1b3,PAFAH1B3
Pag1,PAG1
Paics,PAICS
Paip1,PAIP1
Paip2,PAIP2
Pak1ip1,PAK1IP1
Pak2,PAK2
Pak4,PAK4
Pals1,PALS1
Pals2,PALS2
Pan2,PAN2
Pan3,PAN3
Pank3,PANK3
Pank4,PANK4
Panx1,PANX1
Papolg,PAPOLG
Papss1,PAPSS1
Paqr4,PAQR4
Paqr7,PAQR7
Paqr8,PAQR8
Pard6g,PARD6G
Park7,PARK7
Parp1,PARP1
Parp10,PARP10
Parp11,PARP11
Parp14,PARP14
Parp3,PARP3
Parp4,PARP4
Parp6,PARP6
Parp8,PARP8
Parp9,PARP9
Parvg,PARVG
Patj,PATJ
Patl1,PATL1
Patz1,PATZ1
Paxbp1,PAXBP1
Pbrm1,PBRM1
Pbx2,PBX2
Pbx4,PBX4
Pbxip1,PBXIP1
Pcbp1,PCBP1
Pcbp2,PCBP2
Pcbp4,PCBP4
Pcdhgc4,PCDHGC4
Pced1b,PCED1B
Pcf11,PCF11
Pcgf1,PCGF1
Pcgf5,PCGF5
Pcgf6,PCGF6
Pck2,PCK2
Pcmtd1,PCMTD1
Pcmtd2,PCMTD2
Pcna,PCNA
Pcnt,PCNT
Pcnx,
Pcyox1,PCYOX1
Pcyt1a,PCYT1A
Pcyt2,PCYT2
Pdcd1,PDCD1
Pdcd10,PDCD10
Pdcd11,PDCD11
Pdcd4,PDCD4
Pdcl3,PDCL3
Pde12,PDE12
Pde1b,PDE1B
Pde2a,PDE2A
Pde3b,PDE3B
Pde4b,PDE4B
Pde4d,PDE4D
Pde4dip,PDE4DIP
Pde6d,PDE6D
Pde7a,PDE7A
Pdia3,PDIA3
Pdia4,PDIA4
Pdia6,PDIA6
Pdk1,PDK1
Pdk2,PDK2
Pdlim1,PDLIM1
Pdlim2,PDLIM2
Pdlim4,PDLIM4
Pdp2,PDP2
Pdpk1,PDPK1
Pds5b,PDS5B
Pdss1,PDSS1
Pdzd8,PDZD8
Pea15a,PEA15
Pear1,PEAR1
Pecam1,PECAM1
Pef1,PEF1
Peli1,PELI1
Pelo,PELO
Pepd,PEPD
Per1,PER1
Pex1,PEX1
Pex13,PEX13
Pex16,PEX16
Pex2,PEX2
Pex3,PEX3
Pex5,PEX5
Pex6,PEX6
Pfdn1,PFDN1
Pfdn4,PFDN4
Pfdn5,PFDN5
Pfdn6,PFDN6
Pfkfb1,PFKFB1
Pfkl,PFKL
Pfkm,PFKM
Pfkp,PFKP
Pfn1,PFN1
Pgam5,PGAM5
Pgap1,PGAP1
Pgap2,PGAP2
Pgap3,PGAP3
Pgd,PGD
Pgls,PGLS
Pglyrp2,PGLYRP2
Pgm1,PGM1
Pgm2l1,PGM2L1
Pgp,PGP
Pgpep1,PGPEP1
Pgpep1l,PGPEP1L
Pgs1,PGS1
Phactr2,PHACTR2
Phb,
Phb2,PHB2
Phc1,PHC1
Phc2,PHC2
Phc3,PHC3
Phf10,PHF10
Phf11b,PHF11
Phf11c,PHF11
Phf12,PHF12
Phf14,PHF14
Phf19,PHF19
Phf20l1,PHF20L1
Phf21a,PHF21A
Phf23,PHF23
Phf3,PHF3
Phf5a,PHF5A
Phf6,PHF6
Phf7,PHF7
Phf8,PHF8
Phgdh,PHGDH
Phip,PHIP
Phka2,PHKA2
Phkb,PHKB
Phkg2,PHKG2
Phlda1,PHLDA1
Phldb1,PHLDB1
Phldb3,PHLDB3
Phlpp1,PHLPP1
Phtf2,PHTF2
Phyh,PHYH
Phyhd1,PHYHD1
Pi4k2a,PI4K2A
Pi4kb,PI4KB
Pias1,PIAS1
Pias2,PIAS2
Picalm,PICALM
Pierce2,PIERCE2
Piezo1,PIEZO1
Pif1,PIF1
Piga,PIGA
Pigb,PIGB
Pigc,PIGC
Pigf,PIGF
Pigk,PIGK
Pign,PIGN
Pigt,PIGT
Pigv,PIGV
Pigx,PIGX
Pih1d1,PIH1D1
Pik3c3,PIK3C3
Pik3ca,PIK3CA
Pik3cd,PIK3CD
Pik3cg,PIK3CG
Pik3ip1,PIK3IP1
Pik3r1,PIK3R1
Pik3r2,PIK3R2
Pik3r5,PIK3R5
Pikfyve,PIKFYVE
Pim1,PIM1
Pim2,PIM2
Pim3,PIM3
Pimreg,PIMREG
Pink1,PINK1
Pinx1,PINX1
Pip4k2a,PIP4K2A
Pip4k2b,PIP4K2B
Pip4p2,PIP4P2
Pip5k1c,PIP5K1C
Pisd,PISD
Pithd1,PITHD1
Pitpna,PITPNA
Pitpnc1,
Pitpnm1,PITPNM1
Pitpnm2,PITPNM2
Pja1,PJA1
Pkm,PKM
Pkmyt1,PKMYT1
Pkn1,PKN1
Pkn2,PKN2
Pkp3,PKP3
Pkp4,PKP4
Pla2g12a,PLA2G12A
Plaa,PLAA
Plaat3,PLAAT3
Plagl2,PLAGL2
Plbd2,PLBD2
Plcb2,PLCB2
Plcg1,PLCG1
Plcl2,PLCL2
Plcxd2,PLCXD2
Pld3,PLD3
Plec,PLEC
Plekha1,PLEKHA1
Plekha2,PLEKHA2
Plekha3,PLEKHA3
Plekha5,PLEKHA5
Plekhb2,PLEKHB2
Plekhg2,PLEKHG2
Plekhm1,PLEKHM1
Plekhm2,PLEKHM2
Plekho1,PLEKHO1
Plekho2,PLEKHO2
Plgrkt,PLGRKT
Plin3,PLIN3
Plk1,PLK1
Plp2,PLP2
Plpp5,PLPP5
Plscr1,PLSCR1
Plscr3,PLSCR3
Plxnc1,PLXNC1
Plxnd1,PLXND1
Pmepa1,PMEPA1
Pml,PML
Pmm2,PMM2
Pmpca,PMPCA
Pmpcb,PMPCB
Pnisr,PNISR
Pnkd,PNKD
Pnn,PNN
Pno1,PNO1
Pnp,PNP
Pnpla2,PNPLA2
Pnpla6,PNPLA6
Pnpla7,PNPLA7
Pnpla8,PNPLA8
Pnpo,PNPO
Pnpt1,PNPT1
Pnrc1,PNRC1
Pnrc2,PNRC2
Poc1b,POC1B
Poc5,POC5
Pofut1,POFUT1
Poglut1,POGLUT1
Poglut2,POGLUT2
Pold1,POLD1
Pold2,POLD2
Pold4,POLD4
Poldip3,POLDIP3
Pole2,POLE2
Pole4,POLE4
Polg,POLG
Polg2,POLG2
Poli,POLI
Polk,POLK
Polr1a,POLR1A
Polr1c,POLR1C
Polr1d,POLR1D
Polr2a,POLR2A
Polr2e,POLR2E
Polr2h,POLR2H
Polr3b,POLR3B
Polr3c,POLR3C
Pomp,POMP
Pomt1,POMT1
Pon2,PON2
Pop5,POP5
Pot1a,POT1
Pot1b,POT1
Pou2af1,POU2AF1
Pou2f1,POU2F1
Pou2f2,POU2F2
Pou6f1,POU6F1
Ppa1,PPA1
Ppa2,PPA2
Ppard,PPARD
Ppat,PPAT
Ppcdc,PPCDC
Ppcs,PPCS
Ppdpf,PPDPF
Ppfia1,PPFIA1
Ppfibp1,PPFIBP1
Pphln1,PPHLN1
Ppia,
Ppic,PPIC
Ppif,PPIF
Ppil1,PPIL1
Ppil2,PPIL2
Ppil4,PPIL4
Ppm1a,PPM1A
Ppm1b,PPM1B
Ppm1d,PPM1D
Ppm1f,PPM1F
Ppm1g,PPM1G
Ppm1h,PPM1H
Ppm1j,PPM1J
Ppm1k,PPM1K
Ppm1m,PPM1M
Ppox,PPOX
Ppp1r10,PPP1R10
Ppp1r11,PPP1R11
Ppp1r12a,PPP1R12A
Ppp1r13b,PPP1R13B
Ppp1r14b,PPP1R14B
Ppp1r15a,PPP1R15A
Ppp1r15b,PPP1R15B
Ppp1r16a,PPP1R16A
Ppp1r16b,PPP1R16B
Ppp1r18,PPP1R18
Ppp1r2,PPP1R2B
Ppp1r21,PPP1R21
Ppp1r3f,PPP1R3F
Ppp1r8,PPP1R8
Ppp1r9b,PPP1R9B
Ppp2ca,PPP2CA
Ppp2r2a,PPP2R2A
Ppp2r2d,PPP2R2D
Ppp2r5a,PPP2R5A
Ppp2r5c,PPP2R5C
Ppp2r5d,PPP2R5D
Ppp2r5e,PPP2R5E
Ppp3ca,PPP3CA
Ppp3cb,PPP3CB
Ppp3cc,PPP3CC
Ppp4c,PPP4C
Ppp4r1,PPP4R1
Ppp4r2,
Ppp4r3a,PPP4R3A
Ppp4r3b,PPP4R3B
Ppp6r1,PPP6R1
Ppp6r2,PPP6R2
Ppp6r3,PPP6R3
Ppt1,
Ppt2,PPT2
Pptc7,PPTC7
Pqbp1,PQBP1
Pqlc3,
Pradc1,PRADC1
Prc1,PRC1
Prcp,PRCP
Prdm10,PRDM10
Prdm2,PRDM2
Prdm4,PRDM4
Prdx1,PRDX1
Prdx2,PRDX2
Prdx3,PRDX3
Prdx6,PRDX6
Preb,PREB
Prelid3b,PRELID3B
Prex1,PREX1
Prickle3,PRICKLE3
Prkaa1,PRKAA1
Prkab1,PRKAB1
Prkaca,PRKACA
Prkacb,PRKACB
Prkag2,PRKAG2
Prkar1a,PRKAR1A
Prkar2a,PRKAR2A
Prkca,PRKCA
Prkcb,PRKCB
Prkcd,PRKCD
Prkce,PRKCE
Prkch,PRKCH
Prkci,PRKCI
Prkcq,PRKCQ
Prkcsh,PRKCSH
Prkcz,PRKCZ
Prkd2,PRKD2
Prkd3,PRKD3
Prmt2,PRMT2
Prmt5,PRMT5
Prmt9,PRMT9
Prorp,PRORP
Pros1,PROS1
Proser3,PROSER3
Prpf18,PRPF18
Prpf19,PRPF19
Prpf31,PRPF31
Prpf38b,PRPF38B
Prpf40a,PRPF40A
Prpf6,PRPF6
Prps1,PRPS1
Prps1l3,PRPS1
Prps2,PRPS2
Prpsap1,PRPSAP1
Prr11,PRR11
Prr12,PRR12
Prr13,
Prr7,PRR7
Prrc1,PRRC1
Prrc2a,PRRC2A
Prrc2b,PRRC2B
Prrc2c,PRRC2C
Prrg4,PRRG4
Prune1,PRUNE1
Prxl2c,PRXL2C
Psap,PSAP
Psat1,PSAT1
Psd4,PSD4
Psen1,PSEN1
Psen2,PSEN2
Psenen,PSENEN
Psip1,PSIP1
Pskh1,PSKH1
Psma1,PSMA1
Psma2,PSMA2
Psma3,PSMA3
Psma4,PSMA4
Psma5,PSMA5
Psma6,PSMA6
Psma7,PSMA7
Psmb10,PSMB10
Psmb2,PSMB2
Psmb4,PSMB4
Psmb5,PSMB5
Psmb7,PSMB7
Psmb8,PSMB8
Psmb9,PSMB9
Psmc1,PSMC1
Psmc2,PSMC2
Psmc4,PSMC4
Psmd13,PSMD13
Psmd14,PSMD14
Psmd3,PSMD3
Psmd6,PSMD6
Psmd7,PSMD7
Psme1,PSME1
Psme2b,PSME2
Psme3,PSME3
Psme3ip1,PSME3IP1
Psmg1,PSMG1
Psmg2,PSMG2
Psmg4,PSMG4
Pspc1,PSPC1
Psrc1,PSRC1
Pstpip1,PSTPIP1
Ptbp1,PTBP1
Ptbp2,PTBP2
Ptbp3,PTBP3
Ptch1,PTCH1
Ptdss2,PTDSS2
Ptger2,PTGER2
Ptger4,PTGER4
Ptgir,PTGIR
Ptk2b,PTK2B
Ptma,PTMA
Ptms,
Ptov1,PTOV1
Ptp4a2,PTP4A2
Ptp4a3,PTP4A3
Ptpmt1,PTPMT1
Ptpn1,PTPN1
Ptpn11,PTPN11
Ptpn12,PTPN12
Ptpn18,PTPN18
Ptpn2,PTPN2
Ptpn22,PTPN22
Ptpn23,PTPN23
Ptpn6,PTPN6
Ptpn7,PTPN7
Ptpn9,PTPN9
Ptpra,PTPRA
Ptprc,PTPRC
Ptprcap,PTPRCAP
Ptpre,PTPRE
Ptprs,PTPRS
Pts,PTS
Pttg1,PTTG1
Pttg1ip,PTTG1IP
Puf60,PUF60
Pum2,PUM2
Pum3,PUM3
Pura,PURA
Purb,PURB
Pus1,PUS1
Pus3,PUS3
Pvr,PVR
Pwp1,PWP1
Pxk,PXK
Pxmp2,PXMP2
Pxmp4,PXMP4
Pxn,PXN
Pycard,PYCARD
Pycr2,PYCR2
Pycrl,
Pygb,PYGB
Pym1,PYM1
Pyroxd1,PYROXD1
Qars,
Qdpr,QDPR
Qki,QKI
Qprt,QPRT
Qser1,QSER1
Qsox1,QSOX1
Qtrt1,QTRT1
R3hdm1,R3HDM1
R3hdm4,R3HDM4
Rab10,RAB10
Rab11fip1,RAB11FIP1
Rab11fip2,RAB11FIP2
Rab11fip3,RAB11FIP3
Rab11fip4,RAB11FIP4
Rab18,RAB18
Rab19,RAB19
Rab1a,RAB1A
Rab1b,RAB1B
Rab21,RAB21
Rab22a,RAB22A
Rab23,RAB23
Rab24,RAB24
Rab27a,RAB27A
Rab29,RAB29
Rab33b,RAB33B
Rab35,RAB35
Rab37,RAB37
Rab3d,RAB3D
Rab3gap1,RAB3GAP1
Rab3gap2,RAB3GAP2
Rab3ip,RAB3IP
Rab43,RAB43
Rab4b,RAB4B
Rab5b,RAB5B
Rab5c,RAB5C
Rab5if,RAB5IF
Rab6b,RAB6B
Rab8a,RAB8A
Rab8b,RAB8B
Rabac1,RABAC1
Rabepk,RABEPK
Rabgap1,RABGAP1
Rabgap1l,RABGAP1L
Rabgef1,RABGEF1
Rabggtb,RABGGTB
Rac2,RAC2
Racgap1,RACGAP1
Rack1,RACK1
Rad23a,RAD23A
Rad23b,RAD23B
Rad50,RAD50
Rad51b,RAD51B
Rad51c,RAD51C
Rad52,RAD52
Raf1,RAF1
Rai1,RAI1
Rala,RALA
Ralb,RALB
Ralbp1,RALBP1
Ralgapa1,RALGAPA1
Ralgapa2,RALGAPA2
Ralgds,RALGDS
Ralgps1,RALGPS1
Ralgps2,RALGPS2
Raly,RALY
Ramac,RAMAC
Ramp1,RAMP1
Ran,RAN
Ranbp1,RANBP1
Ranbp10,RANBP10
Ranbp2,RANBP2
Ranbp3,RANBP3
Ranbp6,RANBP6
Ranbp9,RANBP9
Rangap1,RANGAP1
Rap1a,RAP1A
Rap1b,RAP1B
Rap1gds1,RAP1GDS1
Rap2c,RAP2C
Rapgef1,RAPGEF1
Rapgef2,RAPGEF2
Rapgef4,RAPGEF4
Rapgef6,RAPGEF6
Raph1,RAPH1
Rara,RARA
Rarg,RARG
Rars,
Rars2,RARS2
Rasa1,RASA1
Rasa2,RASA2
Rasa3,RASA3
Rasal3,RASAL3
Rasgrp1,RASGRP1
Rasgrp2,RASGRP2
Rassf1,RASSF1
Rassf2,RASSF2
Rassf3,RASSF3
Rassf5,RASSF5
Rb1,RB1
Rb1cc1,RB1CC1
Rbbp4,RBBP4
Rbbp7,RBBP7
Rbck1,RBCK1
Rbfa,RBFA
Rbl1,RBL1
Rbl2,RBL2
Rbm15b,RBM15B
Rbm17,RBM17
Rbm22,RBM22
Rbm25,RBM25
Rbm26,RBM26
Rbm27,RBM27
Rbm28,RBM28
Rbm33,RBM33
Rbm38,RBM38
Rbm39,RBM39
Rbm4,RBM4
Rbm41,RBM41
Rbm43,RBM43
Rbm45,RBM45
Rbm48,RBM48
Rbm5,RBM5
Rbms1,RBMS1
Rbms2,RBMS2
Rbmx2,RBMX2
Rbpj,RBPJ
Rbx1,RBX1
Rc3h1,RC3H1
Rc3h2,RC3H2
Rcan3,RCAN3
Rcbtb1,RCBTB1
Rcbtb2,RCBTB2
Rcc1,RCC1
Rcc2,RCC2
Rce1,RCE1
Rcl1,RCL1
Rcn1,RCN1
Rcn2,RCN2
Rcor1,RCOR1
Rcor3,RCOR3
Rcsd1,RCSD1
Rdh12,RDH12
Rdm1,RDM1
Rdx,RDX
Rec8,REC8
Recql,RECQL
Reep3,REEP3
Reep5,REEP5
Rel,REL
Rela,RELA
Relb,RELB
Relch,RELCH
Relt,RELT
Reps1,REPS1
Rer1,RER1
Rere,RERE
Resf1,RESF1
Rest,REST
Retreg1,RETREG1
Retreg2,RETREG2
Retreg3,RETREG3
Rev1,REV1
Rev3l,REV3L
Rex1bd,REX1BD
Rexo2,REXO2
Rfc3,RFC3
Rfc5,RFC5
Rfesd,RFESD
Rffl,RFFL
Rfk,RFK
Rflnb,RFLNB
Rftn1,RFTN1
Rfx1,RFX1
Rfx3,RFX3
Rfx5,RFX5
Rfxank,RFXANK
Rgcc,RGCC
Rgl2,RGL2
Rgmb,RGMB
Rgs1,RGS1
Rgs10,RGS10
Rgs14,RGS14
Rgs16,RGS16
Rgs19,RGS19
Rgs2,RGS2
Rgs3,RGS3
Rhbdd2,RHBDD2
Rheb,RHEB
Rhob,RHOB
Rhobtb2,RHOBTB2
Rhog,RHOG
Rhoh,RHOH
Ric1,RIC1
Rictor,RICTOR
Rida,RIDA
Rif1,RIF1
Rigi,RIGI
Rilpl2,RILPL2
Rimoc1,RIMOC1
Rims3,RIMS3
Rin3,RIN3
Rinl,RINL
Riok3,RIOK3
Ripk1,RIPK1
Ripk2,RIPK2
Ripor2,RIPOR2
Rlf,RLF
Rlim,RLIM
Rmdn3,RMDN3
Rmi1,RMI1
Rmi2,RMI2
Rmnd5a,RMND5A
Rmnd5b,RMND5B
Rnaseh2b,RNASEH2B
Rnaseh2c,RNASEH2C
Rnasek,RNASEK
Rnasel,RNASEL
Rnf10,RNF10
Rnf103,RNF103
Rnf11,RNF11
Rnf111,RNF111
Rnf114,RNF114
Rnf115,RNF115
Rnf123,RNF123
Rnf125,RNF125
Rnf126,RNF126
Rnf13,RNF13
Rnf135,
Rnf138,RNF138
Rnf139,RNF139
Rnf14,RNF14
Rnf141,RNF141
Rnf144a,RNF144A
Rnf145,RNF145
Rnf146,RNF146
Rnf149,RNF149
Rnf167,RNF167
Rnf168,RNF168
Rnf169,RNF169
Rnf181,RNF181
Rnf19a,RNF19A
Rnf19b,RNF19B
Rnf213,RNF213
Rnf214,RNF214
Rnf215,RNF215
Rnf216,RNF216
Rnf31,RNF31
Rnf34,RNF34
Rnf38,RNF38
Rnf41,RNF41
Rnf44,RNF44
Rnf6,RNF6
Rnh1,RNH1
Rnmt,RNMT
Rnpep,RNPEP
Rnpepl1,RNPEPL1
Rock2,ROCK2
Rom1,ROM1
Rp2,RP2
Rpa1,RPA1
Rpa3,RPA3
Rpain,RPAIN
Rpap2,RPAP2
Rpe,RPEL1
Rpf1,RPF1
Rpf2,RPF2
Rpia,RPIA
Rpn1,RPN1
Rpp21,RPP21
Rpp30,RPP30
Rprd2,RPRD2
Rptor,RPTOR
Rpusd3,RPUSD3
Rrad,RRAD
Rraga,RRAGA
Rras,RRAS
Rras2,RRAS2
Rrbp1,RRBP1
Rrm1,RRM1
Rrm2,RRM2
Rrn3,RRN3
Rsbn1l,RSBN1L
Rsf1,RSF1
Rsrc2,RSRC2
Rsrp1,RSRP1
Rtcb,RTCB
Rtf1,RTF1
Rtf2,RTF2
Rtl8b,RTL8C
Rtn3,RTN3
Rtn4,RTN4
Rtn4rl1,RTN4RL1
Rtp4,RTP4
Rubcn,RUBCN
Rufy3,RUFY3
Rundc3a,RUNDC3A
Runx1,RUNX1
Runx3,RUNX3
Rwdd1,RWDD1
Rxra,RXRA
Rxrb,RXRB
Rxylt1,RXYLT1
Rybp,RYBP
S100a10,S100A10
S100a11,S100A11
S100a13,S100A13
S1pr1,S1PR1
S1pr4,S1PR4
Sac3d1,SAC3D1
Sacs,SACS
Sae1,SAE1
Sall2,SALL2
Samd1,
Samd9l,SAMD9L
Samhd1,SAMHD1
Samsn1,SAMSN1
Sap25,SAP25
Sap30,SAP30
Sar1a,SAR1A
Sar1b,SAR1B
Saraf,SARAF
Sart3,SART3
Sash3,SASH3
Sat1,SAT1
Satb1,SATB1
Sav1,SAV1
Sbds,SBDS
Sbf1,SBF1
Sbk1,SBK1
Sbno2,SBNO2
Sc5d,SC5D
Scaf4,SCAF4
Scai,SCAI
Scamp3,SCAMP3
Scand1,SCAND1
Scaper,SCAPER
Scarb1,SCARB1
Scarb2,SCARB2
Scd2,SCD
Scfd1,SCFD1
Scfd2,SCFD2
Scly,SCLY
Scml4,SCML4
Scnm1,SCNM1
Sco1,SCO1
Scp2,SCP2
Scpep1,SCPEP1
Scrib,SCRIB
Scyl1,SCYL1
Scyl2,SCYL2
Sdc3,SDC3
Sdcbp2,SDCBP2
Sdccag8,SDCCAG8
Sdf2,SDF2
Sdf2l1,SDF2L1
Sdf4,SDF4
Sdhaf1,SDHAF1
Sdhaf4,SDHAF4
Sdhb,SDHB
Sdr39u1,SDR39U1
Sec11a,SEC11A
Sec11c,SEC11C
Sec13,SEC13
Sec14l1,SEC14L1
Sec16a,SEC16A
Sec22a,SEC22A
Sec22c,SEC22C
Sec23b,SEC23B
Sec24a,SEC24A
Sec24c,
Sec31a,SEC31A
Sec61a2,SEC61A2
Sec62,SEC62
Sec63,SEC63
Secisbp2,SECISBP2
Secisbp2l,SECISBP2L
Seh1l,SEH1L
Selenoi,SELENOI
Selenok,SELENOK
Selenop,SELENOP
Selenot,SELENOT
Selenow,SELENOW
Sell,SELL
Selplg,SELPLG
Sema4a,SEMA4A
Sema4b,SEMA4B
Sema4d,SEMA4D
Sema4f,SEMA4F
Senp1,SENP1
Senp6,SENP6
Senp7,SENP7
Sephs1,SEPHS1
Sephs2,SEPHS2
Septin1,SEPTIN1
Septin11,SEPTIN11
Septin6,SEPTIN6
Septin8,SEPTIN8
Septin9,SEPTIN9
Serbp1,SERBP1
Serhl,SERHL2
Serinc1,SERINC1
Serinc3,SERINC3
Serinc5,SERINC5
Serpinb6a,SERPINB6
Serpinb6b,SERPINB6
Serpinb9,SERPINB9
Serpini1,SERPINI1
Sertad1,SERTAD1
Sertad2,SERTAD2
Sertad3,SERTAD3
Sesn1,SESN1
Sesn2,SESN2
Sesn3,SESN3
Sestd1,SESTD1
Set,SET
Setd1b,SETD1B
Setd2,SETD2
Setd5,SETD5
Setd6,SETD6
Setd7,SETD7
Setdb1,SETDB1
Setdb2,SETDB2
Setx,SETX
Sf3a2,SF3A2
Sf3b1,SF3B1
Sf3b3,SF3B3
Sf3b4,SF3B4
Sf3b6,SF3B6
Sfi1,SFI1
Sfmbt1,SFMBT1
Sfn,SFN
Sfr1,SFR1
Sft2d2,SFT2D2
Sfxn1,SFXN1
Sfxn2,SFXN2
Sfxn3,SFXN3
Sfxn4,SFXN4
Sgcb,SGCB
Sgk3,SGK3
Sgms1,SGMS1
Sgo1,SGO1
Sgpl1,SGPL1
Sgpp1,SGPP1
Sgsh,SGSH
Sh2b1,SH2B1
Sh2b3,SH2B3
Sh2d1a,SH2D1A
Sh2d2a,SH2D2A
Sh2d3c,SH2D3C
Sh3bgrl,SH3BGRL
Sh3bgrl3,SH3BGRL3
Sh3bp1,SH3BP1
Sh3bp2,SH3BP2
Sh3bp5,SH3BP5
Sh3gl1,SH3GL1
Sh3glb1,SH3GLB1
Sh3glb2,SH3GLB2
Sh3kbp1,SH3KBP1
Sharpin,SHARPIN
Shf,SHF
Shisa5,SHISA5
Shld1,SHLD1
Shmt2,SHMT2
Siae,SIAE
Siah1a,SIAH1
Siah2,SIAH2
Siah3,SIAH3
Sidt1,SIDT1
Sidt2,SIDT2
Sigirr,SIGIRR
Sik1,SIK1
Sik2,SIK2
Sik3,SIK3
Sike1,SIKE1
Sil1,SIL1
Sin3a,SIN3A
Sin3b,SIN3B
Sinhcaf,SINHCAF
Sipa1l1,SIPA1L1
Sirt2,SIRT2
Sirt3,SIRT3
Sirt6,SIRT6
Sirt7,SIRT7
Siva1,SIVA1
Skap1,SKAP1
Skap2,SKAP2
Ski,SKI
Skil,SKIL
Skp1,SKP1
Sla,SLA
Sla2,SLA2
Slain1,SLAIN1
Slamf1,SLAMF1
Slamf6,SLAMF6
Slbp,SLBP
Slc10a3,SLC10A3
Slc11a2,SLC11A2
Slc12a2,SLC12A2
Slc12a4,SLC12A4
Slc12a6,SLC12A6
Slc12a7,SLC12A7
Slc12a9,SLC12A9
Slc14a1,SLC14A1
Slc17a9,SLC17A9
Slc19a1,SLC19A1
Slc20a1,SLC20A1
Slc22a5,SLC22A5
Slc23a2,SLC23A2
Slc25a1,SLC25A1
Slc25a10,SLC25A10
Slc25a11,SLC25A11
Slc25a12,SLC25A12
Slc25a16,SLC25A16
Slc25a19,SLC25A19
Slc25a20,SLC25A20
Slc25a22,SLC25A22
Slc25a23,SLC25A23
Slc25a24,SLC25A24
Slc25a25,SLC25A25
Slc25a27,SLC25A27
Slc25a28,SLC25A28
Slc25a3,SLC25A3
Slc25a30,SLC25A30
Slc25a36,SLC25A36
Slc25a37,SLC25A37
Slc25a40,SLC25A40
Slc25a45,SLC25A45
Slc25a51,SLC25A52
Slc26a2,SLC26A2
Slc27a4,SLC27A4
Slc28a2,SLC28A2
Slc2a1,SLC2A1
Slc2a3,
Slc2a6,SLC2A6
Slc2a9,SLC2A9
Slc30a4,SLC30A4
Slc30a7,SLC30A7
Slc35a5,SLC35A5
Slc35b1,SLC35B1
Slc35b2,SLC35B2
Slc35b3,SLC35B3
Slc35b4,SLC35B4
Slc35c1,SLC35C1
Slc35d2,SLC35D2
Slc35e1,SLC35E1
Slc35e2,SLC35E2B
Slc35g1,SLC35G1
Slc36a1,SLC36A1
Slc36a4,SLC36A4
Slc37a1,SLC37A1
Slc37a3,
Slc38a1,SLC38A1
Slc38a2,SLC38A2
Slc38a6,SLC38A6
Slc38a9,SLC38A9
Slc39a1,SLC39A1
Slc39a4,SLC39A4
Slc39a6,SLC39A6
Slc39a7,SLC39A7
Slc39a8,SLC39A8
Slc3a2,SLC3A2
Slc41a1,SLC41A1
Slc43a2,SLC43A2
Slc43a3,SLC43A3
Slc44a1,SLC44A1
Slc44a2,SLC44A2
Slc45a4,SLC45A4
Slc46a3,SLC46A3
Slc48a1,SLC48A1
Slc49a4,SLC49A4
Slc4a7,SLC4A7
Slc4a8,SLC4A8
Slc5a3,SLC5A3
Slc6a6,SLC6A6
Slc7a1,SLC7A1
Slc7a5,SLC7A5
Slc7a6,SLC7A6
Slc7a6os,SLC7A6OS
Slc9a6,SLC9A6
Slc9a8,SLC9A8
Slc9a9,SLC9A9
Slc9b2,SLC9B2
Slco3a1,SLCO3A1
Slfn1,SLFN12L
Slfn2,SLFN12L
Slfn3,SLFN12L
Slfn5,SLFN5
Slfn8,SLFN13
Slk,SLK
Slmap,SLMAP
Slu7,SLU7
Slx4ip,SLX4IP
Smad2,SMAD2
Smad3,SMAD3
Smad4,SMAD4
Smad5,SMAD5
Smad7,SMAD7
Smap1,SMAP1
Smap2,SMAP2
Smarca4,SMARCA4
Smarcb1,SMARCB1
Smarcc1,SMARCC1
Smarcc2,SMARCC2
Smarce1,SMARCE1
Smc2,SMC2
Smc4,SMC4
Smc6,SMC6
Smchd1,SMCHD1
Smco4,SMCO4
Smcr8,SMCR8
Smdt1,SMDT1
Smg1,SMG1
Smg5,SMG5
Smg6,SMG6
Smg7,SMG7
Smg9,SMG9
Smim10l1,SMIM10L1
Smim14,SMIM14
Smim15,SMIM15
Smim19,SMIM19
Smim20,SMIM20
Smim29,SMIM29
Smox,SMOX
Smpd2,SMPD2
Smpd5,
Smpdl3a,SMPDL3A
Sms,SMS
Smtn,SMTN
Smurf1,SMURF1
Smurf2,SMURF2
Smyd2,SMYD2
Smyd4,SMYD4
Snapc3,SNAPC3
Snapc4,SNAPC4
Snapin,SNAPIN
Snrk,SNRK
Snrnp35,SNRNP35
Snrnp48,SNRNP48
Snrpa,SNRPA
Snrpa1,SNRPA1
Snrpb,SNRPB
Snrpd1,SNRPD1
Snrpd3,SNRPD3
Snrpf,SNRPF
Sntb1,SNTB1
Snu13,SNU13
Snupn,SNUPN
Snw1,SNW1
Snx11,SNX11
Snx12,SNX12
Snx13,SNX13
Snx14,SNX14
Snx16,SNX16
Snx18,SNX18
Snx19,SNX19
Snx2,SNX2
Snx20,SNX20
Snx25,SNX25
Snx27,SNX27
Snx29,SNX29
Snx3,SNX3
Snx32,SNX32
Snx33,SNX33
Snx4,SNX4
Snx5,SNX5
Snx9,SNX9
Soat1,SOAT1
Socs1,SOCS1
Socs3,SOCS3
Socs5,SOCS5
Sod1,SOD1
Sod2,SOD2
Son,SON
Sorl1,SORL1
Sos1,SOS1
Sox4,SOX4
Sp100,SP140
Sp110,SP110
Sp140,
Sp3,SP3
Sp4,SP4
Spacdr,
Spag9,SPAG9
Spata13,SPATA13
Spata5,
Spata6,SPATA6
Spcs1,SPCS1
Spcs3,
Spg20,
Spice1,SPICE1
Spin1,SPIN1
Spint2,SPINT2
Spn,SPN
Spns1,SPNS1
Spo11,SPO11
Spop,SPOP
Spopl,SPOPL
Sppl2a,SPPL2A
Spr,SPR
Spry1,SPRY1
Spsb1,SPSB1
Sptan1,SPTAN1
Sptbn1,SPTBN1
Sptlc1,SPTLC1
Sptssa,SPTSSA
Sqle,SQLE
Sqor,SQOR
Sqstm1,SQSTM1
Sra1,SRA1
Srd5a3,SRD5A3
Srebf1,SREBF1
Srebf2,SREBF2
Srek1,
Srek1ip1,SREK1IP1
Srf,SRF
Srfbp1,SRFBP1
Srgap2,SRGAP2C
Srgn,SRGN
Sri,SRI
Srp72,SRP72
Srp9,SRP9
Srpk1,SRPK1
Srpk2,SRPK2
Srpr,
Srrm2,SRRM2
Srrt,SRRT
Srsf10,SRSF10
Srsf2,SRSF2
Srsf5,SRSF5
Srsf6,SRSF6
Srsf7,SRSF7
Srsf9,SRSF9
Ss18,SS18
Ssbp2,SSBP2
Ssbp3,SSBP3
Ssbp4,SSBP4
Ssh1,SSH1
Ssh2,SSH2
Ssh3,SSH3
Ssna1,SSNA1
Ssr2,SSR2
Ssr3,SSR3
Ssr4,SSR4
Ssx2ip,SSX2IP
St13,ST13
St3gal1,ST3GAL1
St3gal4,ST3GAL4
St3gal6,ST3GAL6
St6gal1,ST6GAL1
St6galnac3,ST6GALNAC3
St6galnac4,ST6GALNAC4
St7,ST7
St8sia1,ST8SIA1
St8sia4,ST8SIA4
St8sia6,ST8SIA6
Stag2,STAG2
Stam,STAM
Stam2,STAM2
Stambp,STAMBP
Stambpl1,STAMBPL1
Stap1,STAP1
Stard3,STARD3
Stard3nl,STARD3NL
Stard4,STARD4
Stard5,STARD5
Stard7,STARD7
Stat1,STAT1
Stat2,STAT2
Stat3,STAT3
Stat4,STAT4
Stat5a,STAT5A
Stat5b,STAT5B
Stat6,STAT6
Stim1,STIM1
Stim2,STIM2
Stimate,STIMATE
Sting1,STING1
Stip1,STIP1
Stk10,STK10
Stk11,STK11
Stk11ip,STK11IP
Stk16,STK16
Stk17b,STK17B
Stk24,STK24
Stk3,STK3
Stk35,STK35
Stk38,STK38
Stk39,STK39
Stk4,STK4
Stk40,STK40
Stmn1,STMN1
Stn1,STN1
Stoml1,STOML1
Ston1,STON1
Strada,STRADA
Strbp,STRBP
Strip1,STRIP1
Stt3b,STT3B
Stx11,STX11
Stx16,STX16
Stx17,STX17
Stx1a,STX1A
Stx5a,STX5
Stx6,STX6
Stx7,STX7
Stx8,STX8
Stxbp2,STXBP2
Stxbp3,STXBP3
Sub1,SUB1
Suclg2,SUCLG2
Suco,SUCO
Suds3,SUDS3
Sugt1,SUGT1
Sumf1,SUMF1
Sumf2,SUMF2
Sumo1,SUMO1
Sumo2,
Sumo3,SUMO3
Sun1,SUN1
Sun2,SUN2
Suox,SUOX
Supt20,SUPT20H
Supt4a,SUPT4H1
Supv3l1,SUPV3L1
Surf1,SURF1
Surf4,SURF4
Susd3,SUSD3
Susd6,SUSD6
Suz12,SUZ12
Svbp,SVBP
Swap70,SWAP70
Syce2,SYCE2
Syf2,SYF2
Syncrip,SYNCRIP
Syne1,SYNE1
Syne3,SYNE3
Syngr2,SYNGR2
Synj1,SYNJ1
Synj2,SYNJ2
Synrg,SYNRG
Sypl,
Sys1,SYS1
Syt11,SYT11
Sytl1,SYTL1
Sytl2,SYTL2
Syvn1,SYVN1
Tab2,TAB2
Tacc1,TACC1
Tacc3,TACC3
Tada1,TADA1
Tada2b,TADA2B
Tada3,TADA3
Taf1b,TAF1B
Taf5,TAF5
Taf6l,TAF6L
Taf8,TAF8
Taf9b,TAF9B
Tafazzin,TAFAZZIN
Tagap,TAGAP
Tagln2,TAGLN2
Taldo1,TALDO1
Tanc1,TANC1
Tango2,TANGO2
Tank,TANK
Taok1,TAOK1
Taok2,TAOK2
Tap1,TAP1
Tap2,TAP2
Tapbp,TAPBP
Tapbpl,TAPBPL
Tapt1,TAPT1
Tarbp2,TARBP2
Tars2,TARS2
Tasor,TASOR
Tasor2,TASOR2
Tasp1,TASP1
Tatdn2,TATDN2
Tax1bp1,TAX1BP1
Tbc1d1,TBC1D1
Tbc1d10b,TBC1D10B
Tbc1d10c,TBC1D10C
Tbc1d14,TBC1D14
Tbc1d15,TBC1D15
Tbc1d17,TBC1D17
Tbc1d19,TBC1D19
Tbc1d22a,TBC1D22A
Tbc1d22b,TBC1D22B
Tbc1d23,TBC1D23
Tbc1d2b,TBC1D2B
Tbc1d30,TBC1D30
Tbc1d31,TBC1D31
Tbc1d32,TBC1D32
Tbc1d4,TBC1D4
Tbc1d7,TBC1D7
Tbc1d8b,TBC1D8B
Tbca,TBCA
Tbcb,TBCB
Tbcd,TBCD
Tbce,TBCE
Tbcel,TBCEL
Tbk1,TBK1
Tbl1x,TBL1X
Tbl1xr1,TBL1XR1
Tbpl1,TBPL1
Tbrg1,TBRG1
Tbx6,TBX6
Tbxa2r,TBXA2R
Tcea1,TCEA1
Tceanc,TCEANC
Tceanc2,TCEANC2
Tcerg1,TCERG1
Tcf12,TCF12
Tcf25,TCF25
Tcf3,TCF3
Tcf7,TCF7
Tcn2,TCN2
Tcof1,TCOF1
Tcp1,TCP1
Tcp11l2,TCP11L2
Tcta,TCTA
Tctn1,TCTN1
Tctn3,TCTN3
Tdg,TDG
Tdrkh,TDRKH
Tdrp,TDRP
Tecpr1,TECPR1
Tecr,TECR
Tefm,TEFM
Ten1,TEN1
Tent2,TENT2
Tent4a,TENT4A
Tent4b,TENT4B
Tent5c,TENT5C
Tep1,TEP1
Terf2,TERF2
Tes,TES
Tesk1,TESK1
Tesk2,TESK2
Tet2,TET2
Tet3,TET3
Tex10,TEX10
Tex2,TEX2
Tex261,TEX261
Tex30,TEX30
Tfap4,TFAP4
Tfb1m,TFB1M
Tfb2m,TFB2M
Tfdp1,TFDP1
Tfdp2,TFDP2
Tfe3,TFE3
Tfeb,TFEB
Tfrc,TFRC
Tgfb1,TGFB1
Tgfbr1,TGFBR1
Tgfbr2,TGFBR2
Tgfbr3,TGFBR3
Tgfbr3l,TGFBR3L
Tgif1,TGIF1
Tgif2,TGIF2
Tgoln1,TGOLN2
Tgtp1,
Tha1,
Thada,THADA
Thap12,THAP12
Thap2,THAP2
Thap3,THAP3
Thap4,THAP4
Them6,THEM6
Themis,THEMIS
Thg1l,THG1L
Thoc1,THOC1
Thra,THRA
Thy1,THY1
Thyn1,THYN1
Tiam1,TIAM1
Ticam2,
Tigd2,TIGD2
Timeless,TIMELESS
Timm10b,TIMM10B
Timm13,TIMM13
Timm17a,TIMM17A
Timm17b,TIMM17B
Timm44,TIMM44
Timm50,TIMM50
Timm8a1,TIMM8A
Timp2,TIMP2
Tinf2,TINF2
Tiparp,TIPARP
Tipin,TIPIN
Tiprl,TIPRL
Tjap1,TJAP1
Tjp3,TJP3
Tk2,TK2
Tkt,TKT
Tle3,TLE3
Tle4,TLE4
Tle5,TLE5
Tlk1,TLK1
Tlk2,TLK2
Tlnrd1,TLNRD1
Tlr1,TLR1
Tlr7,TLR7
Tm9sf2,TM9SF2
Tm9sf3,TM9SF3
Tm9sf4,TM9SF4
Tma7,TMA7B
Tmbim4,TMBIM4
Tmbim6,TMBIM6
Tmc4,TMC4
Tmc6,TMC6
Tmc8,TMC8
Tmcc1,TMCC1
Tmco1,TMCO1
Tmco3,SLC9D1
Tmco4,TMCO4
Tmco6,TMCO6
Tmed4,TMED4
Tmed7,TMED7
Tmed8,TMED8
Tmed9,TMED9
Tmem106b,TMEM106B
Tmem109,TMEM109
Tmem123,TMEM123
Tmem126b,TMEM126B
Tmem127,TMEM127
Tmem128,TMEM128
Tmem131,TMEM131
Tmem131l,TMEM131L
Tmem134,TMEM134
Tmem138,TMEM138
Tmem147,TMEM147
Tmem14a,TMEM14A
Tmem14c,TMEM14C
Tmem154,TMEM154
Tmem156,TMEM156
Tmem165,TMEM165
Tmem167,
Tmem167b,
Tmem168,TMEM168
Tmem170b,TMEM170B
Tmem175,TMEM175
Tmem179b,TMEM179B
Tmem183a,TMEM183A
Tmem184b,TMEM184B
Tmem184c,TMEM184C
Tmem185b,TMEM185B
Tmem186,TMEM186
Tmem19,TMEM19
Tmem192,TMEM192
Tmem198b,
Tmem203,TMEM203
Tmem208,TMEM208
Tmem209,TMEM209
Tmem214,TMEM214
Tmem229b,TMEM229B
Tmem230,TMEM230
Tmem234,TMEM234
Tmem243,TMEM243
Tmem245,TMEM245
Tmem250-ps,
Tmem251,
Tmem254,TMEM254
Tmem259,TMEM259
Tmem260,TMEM260
Tmem263,TMEM263
Tmem265,
Tmem268,TMEM268
Tmem30a,TMEM30A
Tmem33,TMEM33
Tmem35b,TMEM35B
Tmem38a,TMEM38A
Tmem38b,TMEM38B
Tmem41b,TMEM41B
Tmem43,TMEM43
Tmem50a,TMEM50A
Tmem50b,TMEM50B
Tmem59,TMEM59
Tmem63a,TMEM63A
Tmem63b,TMEM63B
Tmem64,TMEM64
Tmem65,TMEM65
Tmem67,TMEM67
Tmem69,TMEM69
Tmem70,TMEM70
Tmem71,TMEM71
Tmem86b,TMEM86B
Tmem87a,TMEM87A
Tmem87b,TMEM87B
Tmem9,TMEM9
Tmem94,TMEM94
Tmem97,TMEM97
Tmem9b,TMEM9B
Tmf1,TMF1
Tmie,TMIE
Tmod3,TMOD3
Tmsb10,
Tmsb4x,TMSB4X
Tmtc4,TMTC4
Tmub2,TMUB2
Tmx3,TMX3
Tmx4,TMX4
Tnf,TNF
Tnfaip3,TNFAIP3
Tnfaip8,TNFAIP8
Tnfaip8l1,TNFAIP8L1
Tnfaip8l2,TNFAIP8L2
Tnfrsf10b,TNFRSF14
Tnfrsf14,TNFRSF14
Tnfrsf18,TNFRSF18
Tnfrsf1a,TNFRSF1A
Tnfrsf1b,TNFRSF1B
Tnfrsf25,TNFRSF25
Tnfrsf26,TNFRSF10D
Tnfrsf4,TNFRSF4
Tnfrsf9,TNFRSF9
Tnfsf11,TNFSF11
Tnfsf4,TNFSF4
Tnfsf8,TNFSF8
Tnik,TNIK
Tnip1,TNIP1
Tnip2,TNIP2
Tnk2,TNK2
Tnks,TNKS
Tnks2,TNKS2
Tnpo3,TNPO3
Tnrc6a,TNRC6A
Tnrc6b,TNRC6B
Tns1,TNS1
Tob1,TOB1
Tob2,TOB2
Togaram1,TOGARAM1
Tom1l2,TOM1L2
Tomm20,TOMM20
Tomm40l,TOMM40L
Tomm5,
Top1,TOP1
Top2a,TOP2A
Top2b,TOP2B
Tor1aip1,TOR1AIP1
Tor1aip2,TOR1AIP2
Tor2a,TOR2A
Tox,TOX
Tpcn1,TPCN1
Tpcn2,TPCN2
Tpd52l2,TPD52L2
Tpgs1,TPGS1
Tpgs2,TPGS2
Tpi1,TPI1
Tpm1,TPM1
Tpm4,TPM4
Tpp1,TPP1
Tpp2,TPP2
Tpr,TPR
Tpra1,TPRA1
Tprgl,
Tprn,TPRN
Tpst2,TPST2
Tpt1,
Tpx2,TPX2
Tra2b,TRA2B
Trac,
Traf1,TRAF1
Traf2,TRAF2
Traf3,TRAF3
Traf3ip2,TRAF3IP2
Traf3ip3,TRAF3IP3
Traf4,TRAF4
Traf5,TRAF5
Traf6,TRAF6
Trafd1,TRAFD1
Trak1,TRAK1
Tram1,TRAM1
Tram2,TRAM2
Trappc10,TRAPPC10
Trappc12,TRAPPC12
Trappc13,TRAPPC13
Trappc4,TRAPPC4
Trappc6a,TRAPPC6A
Trappc6b,TRAPPC6B
Trat1,TRAT1
Trbc1,TRBC1
Trbc2,TRBC1
Trbv12-2,TRBV13
Trbv31,TRBV30
Trdmt1,TRDMT1
Treml2,TREML2
Trib1,TRIB1
Trib2,TRIB2
Trib3,TRIB3
Trim12a,TRIM5
Trim12c,TRIM5
Trim14,TRIM14
Trim21,TRIM21
Trim23,TRIM23
Trim24,TRIM24
Trim25,TRIM25
Trim26,TRIM26
Trim27,TRIM27
Trim28,TRIM28
Trim30a,TRIM5
Trim30d,TRIM5
Trim34a,TRIM34
Trim35,TRIM35
Trim41,TRIM41
Trim44,TRIM44
Trim5,TRIM5
Trim56,TRIM56
Trim59,TRIM59
Trim68,TRIM68
Trim8,TRIM8
Trio,TRIO
Triobp,TRIOBP
Trip11,TRIP11
Trip12,TRIP12
Trip13,TRIP13
Trmt11,TRMT11
Trmt1l,TRMT1L
Trmt2a,TRMT2A
Trmt5,TRMT5
Trnau1ap,TRNAU1AP
Trp53,TP53
Trp53bp2,TP53BP2
Trp53i11,TP53I11
Trp53i13,TP53I13
Trp53inp1,TP53INP1
Trp53rka,TP53RK
Trpc4ap,TRPC4AP
Trpm7,TRPM7
Trps1,TRPS1
Trpv2,TRPV2
Trrap,TRRAP
Trub1,TRUB1
Trub2,TRUB2
Tsc1,TSC1
Tsc22d3,TSC22D3
Tsen34,TSEN34
Tsfm,TSFM
Tshz1,TSHZ1
Tspan13,TSPAN13
Tspan14,TSPAN14
Tspan3,TSPAN3
Tspan31,TSPAN31
Tspan32,TSPAN32
Tspan5,TSPAN5
Tspo,TSPO
Tspyl1,TSPYL1
Tspyl3,
Tsr1,TSR1
Tsr3,TSR3
Tssc4,TSSC4
Tstd2,TSTD2
Ttc1,TTC1
Ttc13,TTC13
Ttc17,TTC17
Ttc19,TTC19
Ttc27,TTC27
Ttc28,TTC28
Ttc33,TTC33
Ttc38,TTC38
Ttc39b,TTC39B
Ttc7,TTC7A
Ttc7b,TTC7B
Ttc9c,TTC9C
Ttf1,TTF1
Ttll3,TTLL3
Ttll4,TTLL4
Ttpal,TTPAL
Ttyh3,TTYH3
Tuba1a,TUBA1A
Tuba1b,TUBA1B
Tuba1c,TUBA1C
Tubb2a,TUBB2A
Tubb4b,TUBB4B
Tubb5,TUBB
Tubd1,TUBD1
Tube1,TUBE1
Tubgcp2,TUBGCP2
Tubgcp4,TUBGCP4
Tubgcp5,TUBGCP5
Tubgcp6,TUBGCP6
Tufm,TUFM
Tulp4,TULP4
Tusc3,TUSC3
Tut4,TUT4
Tut7,TUT7
Tvp23b,TVP23B
Twf1,TWF1
Twf2,TWF2
Twsg1,TWSG1
Txk,TXK
Txlna,TXLNA
Txlng,TXLNG
Txn1,TXN
Txn2,TXN2
Txndc12,TXNDC12
Txndc15,TXNDC15
Txndc16,TXNDC16
Txndc5,TXNDC5
Txnip,TXNIP
Txnl1,TXNL1
Txnrd1,TXNRD1
Txnrd2,TXNRD2
Tyk2,TYK2
Tyms,TYMS
U2af1,U2AF1
Uap1,UAP1
Uba1,UBA1
Uba2,UBA2
Uba3,UBA3
Uba6,UBA6
Uba7,UBA7
Ubac2,UBAC2
Ubald1,
Ubald2,UBALD2
Ubash3a,UBASH3A
Ubash3b,UBASH3B
Ubc,UBC
Ube2a,UBE2A
Ube2b,UBE2B
Ube2c,UBE2C
Ube2d2a,UBE2D2
Ube2d3,UBE2D3
Ube2e1,UBE2E1
Ube2e3,UBE2E3
Ube2f,UBE2F
Ube2g1,UBE2G1
Ube2h,UBE2H
Ube2k,UBE2K
Ube2l3,UBE2L3
Ube2m,UBE2M
Ube2o,UBE2O
Ube2r2,UBE2R2
Ube2s,UBE2S
Ube2v2,UBE2V2
Ube2w,UBE2W
Ube2z,UBE2Z
Ube3b,UBE3B
Ube3c,UBE3C
Ube4a,UBE4A
Ube4b,UBE4B
Ubfd1,UBFD1
Ubl3,UBL3
Ubl7,UBL7
Ubn1,UBN1
Ubn2,UBN2
Ubp1,UBP1
Ubqln1,UBQLN1
Ubqln4,UBQLN4
Ubr2,UBR2
Ubr4,UBR4
Ubr5,UBR5
Ubtf,UBTF
Ubxn1,UBXN1
Ubxn11,UBXN11
Ubxn2a,UBXN2A
Ubxn6,UBXN6
Ubxn7,UBXN7
Uchl3,UCHL3
Uck2,UCK2
Uckl1,UCKL1
Ucp2,UCP2
Uevld,UEVLD
Ufc1,UFC1
Ufm1,UFM1
Ugcg,UGCG
Ugdh,UGDH
Uggt1,UGGT1
Ugp2,UGP2
Uhrf1,UHRF1
Uhrf1bp1l,
Uhrf2,UHRF2
Uimc1,UIMC1
Ulk1,ULK1
Ulk2,ULK2
Umad1,UMAD1
Unc119b,UNC119B
Unc5cl,UNC5CL
Unc93b1,UNC93B1
Ung,UNG
Unkl,UNKL
Upf1,UPF1
Upf2,UPF2
Upf3a,UPF3A
Upf3b,UPF3B
Uqcc2,UQCC2
Uqcc3,UQCC3
Uqcc5,UQCC5
Uqcrb,UQCRB
Uqcrq,UQCRQ
Urm1,URM1
Uros,UROS
Usb1,USB1
Use1,USE1
Usf1,USF1
Usp1,USP1
Usp10,USP10
Usp11,USP11
Usp12,USP12
Usp14,USP14
Usp15,USP15
Usp16,USP16
Usp18,USP18
Usp19,USP19
Usp22,USP22
Usp25,USP25
Usp28,USP28
Usp3,USP3
Usp30,USP30
Usp32,USP32
Usp33,USP33
Usp38,USP38
Usp39,USP39
Usp42,USP42
Usp45,USP45
Usp47,USP47
Usp53,USP53
Usp6nl,USP6NL
Usp7,USP7
Usp8,USP8
Usp9x,USP9X
Ust,UST
Utp11,UTP11
Utp14a,UTP14C
Utp14b,UTP14C
Utp15,UTP15
Utp18,UTP18
Utrn,UTRN
Uty,UTY
Uvrag,UVRAG
Uvssa,UVSSA
Uxs1,UXS1
Uxt,UXT
Vac14,VAC14
Vamp1,VAMP1
Vamp2,VAMP2
Vamp3,VAMP3
Vamp4,VAMP4
Vapb,VAPB
Vars,
Vars2,VARS2
Vasp,VASP
Vav1,VAV1
Vav2,VAV2
Vav3,VAV3
Vbp1,VBP1
Vcp,VCP
Vcpip1,VCPIP1
Vdac1,VDAC1
Vdac3,
Vezf1,VEZF1
Vgll4,VGLL4
Vhl,VHLL
Vim,VIM
Vipas39,VIPAS39
Vipr1,VIPR1
Virma,VIRMA
Vmp1,VMP1
Vopp1,VOPP1
Vps11,VPS11
Vps13a,VPS13A
Vps13b,VPS13B
Vps13c,VPS13C
Vps13d,VPS13D
Vps26c,VPS26C
Vps28,VPS28
Vps33a,VPS33A
Vps33b,VPS33B
Vps35l,VPS35L
Vps36,VPS36
Vps37b,VPS37B
Vps39,VPS39
Vps41,VPS41
Vps45,VPS45
Vps51,VPS51
Vps52,VPS52
Vps54,VPS54
Vps72,VPS72
Vrk1,VRK1
Vrk2,VRK2
Vrk3,VRK3
Vsir,VSIR
Vwa5a,VWA5A
Wars1,WARS1
Wasf2,WASF2
Washc1,WASH6P
Washc2,WASHC2C
Washc3,WASHC3
Washc4,WASHC4
Wbp1,WBP1
Wbp1l,WBP1L
Wbp2,WBP2
Wbp4,WBP4
Wdfy1,WDFY1
Wdfy2,WDFY2
Wdpcp,WDPCP
Wdr1,WDR1
Wdr12,WDR12
Wdr13,WDR13
Wdr19,WDR19
Wdr26,WDR26
Wdr33,WDR33
Wdr36,WDR36
Wdr37,WDR37
Wdr43,WDR43
Wdr44,WDR44
Wdr45,WDR45
Wdr46,WDR46
Wdr48,WDR48
Wdr5,WDR5
Wdr59,WDR59
Wdr6,WDR6
Wdr7,WDR7
Wdr81,WDR81
Wdr82,WDR82
Wdr91,WDR91
Wdtc1,WDTC1
Wdyhv1,
Wee1,WEE1
Whamm,WHAMM
Wipf1,WIPF1
Wipi2,WIPI2
Wiz,WIZ
Wnk1,WNK1
Wnt10b,WNT10B
Wrn,WRN
Wrnip1,WRNIP1
Wsb1,WSB1
Wscd2,WSCD2
Wwp2,WWP2
Xaf1,XAF1
Xbp1,XBP1
Xiap,XIAP
Xlr4a,
Xlr4c,
Xpa,XPA
Xpc,XPC
Xpnpep1,XPNPEP1
Xpo1,XPO1
Xpo4,XPO4
Xpo6,XPO6
Xpot,XPOT
Xpr1,XPR1
Xrcc2,XRCC2
Xrcc4,XRCC4
Xrcc5,XRCC5
Xrcc6,XRCC6
Xrn1,XRN1
Xrn2,XRN2
Xxylt1,XXYLT1
Xylt1,XYLT1
Xylt2,XYLT2
Yaf2,YAF2
Ybx3,YBX3
Yeats4,YEATS4
Yif1b,YIF1B
Yipf2,YIPF2
Yipf3,YIPF3
Yipf4,YIPF4
Ypel2,YPEL2
Ypel3,YPEL3
Ypel5,YPEL5
Yrdc,YRDC
Ythdc1,YTHDC1
Ywhab,YWHAB
Ywhae,YWHAE
Ywhag,YWHAG
Ywhah,YWHAH
Ywhaq,YWHAQ
Ywhaz,YWHAZ
Zadh2,
Zap70,ZAP70
Zbed4,ZBED4
Zbp1,ZBP1
Zbtb1,ZBTB1
Zbtb10,ZBTB10
Zbtb11,ZBTB11
Zbtb14,ZBTB14
Zbtb18,ZBTB18
Zbtb2,ZBTB2
Zbtb20,ZBTB20
Zbtb21,ZBTB21
Zbtb24,ZBTB24
Zbtb25,ZBTB25
Zbtb26,ZBTB26
Zbtb37,ZBTB37
Zbtb38,ZBTB38
Zbtb44,ZBTB44
Zbtb7b,ZBTB7B
Zbtb8a,ZBTB8A
Zbtb9,ZBTB9
Zc3h12a,ZC3H12A
Zc3h12d,ZC3H12D
Zc3h14,ZC3H14
Zc3h15,ZC3H15
Zc3h18,ZC3H18
Zc3h4,ZC3H4
Zc3h6,ZC3H6
Zc3h7a,ZC3H7A
Zc3h7b,ZC3H7B
Zc3hav1,ZC3HAV1
Zcchc2,ZCCHC2
Zcchc7,ZCCHC7
Zcchc8,ZCCHC8
Zcchc9,ZCCHC9
Zdhhc13,ZDHHC13
Zdhhc18,ZDHHC18
Zdhhc2,ZDHHC2
Zdhhc20,ZDHHC20
Zdhhc21,ZDHHC21
Zdhhc3,ZDHHC3
Zdhhc5,ZDHHC5
Zdhhc8,ZDHHC8
Zdhhc9,ZDHHC9
Zeb1,ZEB1
Zer1,ZER1
Zfand1,ZFAND1
Zfand2a,ZFAND2A
Zfand2b,ZFAND2B
Zfand3,ZFAND3
Zfand6,ZFAND6
Zfc3h1,ZFC3H1
Zfhx2,ZFHX2
Zfp1,ZFP1
Zfp106,ZNF106
Zfp113,ZNF713
Zfp119a,
Zfp120,
Zfp141,ZNF775
Zfp157,
Zfp169,ZNF169
Zfp182,ZNF182
Zfp213,ZNF213
Zfp217,ZNF217
Zfp236,ZNF236
Zfp251,ZNF251
Zfp26,
Zfp260,ZNF260
Zfp263,ZNF263
Zfp266,ZNF266
Zfp275,ZNF883
Zfp277,ZNF277
Zfp280b,ZNF280B
Zfp281,ZNF281
Zfp287,ZNF287
Zfp292,ZNF292
Zfp3,ZFP3
Zfp317,ZNF317
Zfp318,ZNF318
Zfp326,ZNF326
Zfp330,ZNF330
Zfp346,ZNF346
Zfp36,ZFP36
Zfp362,ZNF362
Zfp369,ZNF274
Zfp36l1,ZFP36L1
Zfp36l2,ZFP36L2
Zfp382,ZNF382
Zfp386,
Zfp39,ZNF570
Zfp395,ZNF395
Zfp397,ZNF397
Zfp398,ZNF398
Zfp414,ZNF414
Zfp420,ZNF721
Zfp426,ZNF426
Zfp46,ZNF436
Zfp467,ZNF467
Zfp473,ZNF473
Zfp51,
Zfp512,ZNF512
Zfp512b,ZNF512B
Zfp513,ZNF513
Zfp52,
Zfp524,ZNF524
Zfp53,
Zfp579,ZNF579
Zfp592,ZNF592
Zfp593,ZNF593
Zfp597,ZNF597
Zfp598,ZNF598
Zfp60,ZNF780A
Zfp607a,ZNF780A
Zfp609,ZNF609
Zfp62,ZFP62
Zfp622,ZNF622
Zfp639,ZNF639
Zfp646,ZNF646
Zfp65,KRABD1
Zfp652,ZNF652
Zfp654,ZNF654
Zfp655,ZNF655
Zfp677,
Zfp68,
Zfp687,ZNF687
Zfp688,ZNF688
Zfp703,ZNF703
Zfp706,ZNF706
Zfp710,
Zfp729b,ZNF845
Zfp740,ZNF740
Zfp758,
Zfp764,ZNF747
Zfp777,ZNF777
Zfp790,ZNF420
Zfp799,
Zfp800,ZNF800
Zfp809,
Zfp825,
Zfp827,ZNF827
Zfp831,ZNF831
Zfp84,
Zfp846,
Zfp865,ZNF865
Zfp866,
Zfp871,
Zfp874b,ZNF429
Zfp933,
Zfp945,ZNF34
Zfp948,
Zfp949,
Zfp950,
Zfp952,
Zfp954,ZNF892
Zfp958,
Zfp959,
Zfp984,ZNF34
Zfp992,ZNF34
Zfpl1,ZFPL1
Zfpm1,ZFPM1
Zfr,ZFR
Zfyve1,ZFYVE1
Zfyve26,ZFYVE26
Zfyve27,ZFYVE27
Zgpat,ZGPAT
Zhx2,ZHX2
Zkscan14,ZNF394
Zkscan17,ZNF496
Zkscan3,ZKSCAN4
Zkscan5,ZKSCAN5
Zkscan7,ZKSCAN7
Zkscan8,ZKSCAN8
Zmat1,ZMAT1
Zmat3,ZMAT3
Zmiz1,ZMIZ1
Zmiz2,ZMIZ2
Zmym2,ZMYM2
Zmym5,ZMYM5
Zmym6,ZMYM6
Zmynd19,ZMYND19
Zmynd8,ZMYND8
Znfx1,ZNFX1
Znhit2,ZNHIT2
Znhit6,ZNHIT6
Znrf1,ZNRF1
Znrf2,ZNRF2
Znrf3,ZNRF3
Zpr1,ZPR1
Zranb1,ZRANB1
Zranb3,ZRANB3
Zscan12,ZSCAN12
Zscan2,ZSCAN2
Zscan26,ZSCAN26
Zscan29,ZSCAN29
Zswim6,ZSWIM6
Zswim7,ZSWIM7
Zup1,ZUP1
Zxdc,ZXDC
Zyg11b,ZYG11B
Zyx,ZYX
Zzz3,ZZZ3
mt-Atp6,MT-ATP6
mt-Atp8,MT-ATP8
mt-Co1,MT-CO1
mt-Co2,MT-CO2
mt-Co3,MT-CO3
mt-Cytb,MT-CYB
mt-Nd1,MT-ND1
mt-Nd2,MT-ND2
mt-Nd4,MT-ND4
mt-Nd4l,MT-ND4L
mt-Nd5,MT-ND5
mt-Nd6,MT-ND6
